datetime,open,high,low,close,volume
2021-02-02,0.32312721,0.35367255,0.31775038,0.33976187,0.0
2021-02-03,0.34002979,0.34908176,0.33003276,0.34675863,0.0
2021-02-04,0.34704405,0.35029149,0.3135836,0.32644586,0.0
2021-02-05,0.32684109,0.36342409,0.32499571,0.35228782,0.0
2021-02-06,0.35224999,0.39871764,0.33613401,0.37814557,0.0
2021-02-07,0.37868525,0.42303791,0.36256171,0.38586305,0.0
2021-02-08,0.38629818,0.4044716,0.37388656,0.39756811,0.0
2021-02-09,0.3975466,0.40649079,0.38289036,0.40062902,0.0
2021-02-10,0.40091513,0.44740264,0.3794314,0.41524407,0.0
2021-02-11,0.41547419,0.47037233,0.41124823,0.45638666,0.0
2021-02-12,0.45667548,0.53800838,0.43824219,0.53014335,0.0
2021-02-13,0.53014546,0.60761671,0.50691719,0.56532627,0.0
2021-02-14,0.56590114,0.57849497,0.4967676,0.51616994,0.0
2021-02-15,0.5166906,0.54017097,0.42842579,0.49439987,0.0
2021-02-16,0.49493544,0.51736156,0.46825226,0.48575357,0.0
2021-02-17,0.48546077,0.51012784,0.4562977,0.49770227,0.0
2021-02-18,0.4978184,0.51610797,0.48326437,0.49652862,0.0
2021-02-19,0.49691142,0.52139554,0.48265343,0.51322656,0.0
2021-02-20,0.5139848,0.53304842,0.4601473,0.48693546,0.0
2021-02-21,0.48672312,0.50800291,0.47503417,0.49662181,0.0
2021-02-22,0.49710388,0.52666024,0.38312369,0.46378854,0.0
2021-02-23,0.46378414,0.46466977,0.31290311,0.38667951,0.0
2021-02-24,0.38656514,0.43427868,0.36782089,0.40541923,0.0
2021-02-25,0.40530044,0.42586595,0.37673407,0.38026194,0.0
2021-02-26,0.38010702,0.40155124,0.35483197,0.4004533,0.0
2021-02-27,0.40091105,0.47082443,0.39861025,0.43901981,0.0
2021-02-28,0.4387432,0.45023464,0.38053934,0.4059649,0.0
2021-03-01,0.40668433,0.43649519,0.40093488,0.43086456,0.0
2021-03-02,0.43119155,0.43634624,0.39704524,0.41915137,0.0
2021-03-03,0.41889027,0.43854491,0.41267423,0.42086212,0.0
2021-03-04,0.42052469,0.42760752,0.4013441,0.4122331,0.0
2021-03-05,0.41195224,0.41271306,0.38541746,0.40477764,0.0
2021-03-06,0.4050593,0.40869843,0.39255994,0.40201231,0.0
2021-03-07,0.401934,0.42242742,0.40193394,0.4128125,0.0
2021-03-08,0.41270448,0.42125805,0.40290034,0.41827504,0.0
2021-03-09,0.41863682,0.43486054,0.41318061,0.43215582,0.0
2021-03-10,0.43235426,0.43341399,0.40569642,0.40924498,0.0
2021-03-11,0.40962961,0.41414359,0.39580612,0.40531096,0.0
2021-03-12,0.40556231,0.40701838,0.37764605,0.38665104,0.0
2021-03-13,0.38664098,0.41196685,0.37550276,0.40755439,0.0
2021-03-14,0.40711477,0.40867593,0.38780103,0.38877092,0.0
2021-03-15,0.38855026,0.39889774,0.36685482,0.38386374,0.0
2021-03-16,0.38431098,0.41231529,0.37300642,0.39551296,0.0
2021-03-17,0.39577055,0.40523119,0.38606786,0.40284162,0.0
2021-03-18,0.40286884,0.40857063,0.39346401,0.3946592,0.0
2021-03-19,0.3946435,0.40227018,0.38756215,0.39495925,0.0
2021-03-20,0.39496099,0.43798287,0.39236697,0.41563275,0.0
2021-03-21,0.41599989,0.42333109,0.39243758,0.40371463,0.0
2021-03-22,0.40380759,0.42515439,0.39065325,0.39277901,0.0
2021-03-23,0.39275991,0.40853472,0.38757906,0.39546138,0.0
2021-03-24,0.3948397,0.40294424,0.34783037,0.36171804,0.0
2021-03-25,0.36155064,0.37038779,0.34134748,0.36149071,0.0
2021-03-26,0.36155251,0.38708314,0.36049602,0.38428666,0.0
2021-03-27,0.38461555,0.39042622,0.37046868,0.3818,0.0
2021-03-28,0.3820197,0.41289697,0.37792899,0.39721828,0.0
2021-03-29,0.39749604,0.41289282,0.3907629,0.40453458,0.0
2021-03-30,0.4045213,0.41288387,0.39841869,0.40104874,0.0
2021-03-31,0.40106262,0.40640134,0.37828147,0.40586443,0.0
2021-04-01,0.40588007,0.42945063,0.4006373,0.42358229,0.0
2021-04-02,0.42420292,0.46832561,0.42405352,0.43940483,0.0
2021-04-03,0.43943384,0.45850876,0.4065707,0.40858041,0.0
2021-04-04,0.4084713,0.43465462,0.40149298,0.4282299,0.0
2021-04-05,0.42858526,0.54976143,0.42228231,0.5369846,0.0
2021-04-06,0.53698445,0.57731065,0.48002243,0.54123956,0.0
2021-04-07,0.54197686,0.54688031,0.45295638,0.47793333,0.0
2021-04-08,0.47796484,0.50517253,0.46734772,0.50484164,0.0
2021-04-09,0.50500814,0.50834239,0.47720156,0.48556666,0.0
2021-04-10,0.48592241,0.59182416,0.48181958,0.56192095,0.0
2021-04-11,0.56222999,0.65581002,0.55508472,0.58407337,0.0
2021-04-12,0.58379741,0.60764928,0.56614732,0.5904309,0.0
2021-04-13,0.5902119,0.68360126,0.57649781,0.6564415,0.0
2021-04-14,0.6574067,0.69068001,0.58742426,0.63599114,0.0
2021-04-15,0.63549424,0.65034183,0.61379879,0.64055252,0.0
2021-04-16,0.64032905,0.65439638,0.56628636,0.60999755,0.0
2021-04-17,0.61105337,0.64436122,0.58992162,0.59198443,0.0
2021-04-18,0.59214157,0.60074295,0.45485497,0.54562278,0.0
2021-04-19,0.54613431,0.56672304,0.49075096,0.50003078,0.0
2021-04-20,0.50068078,0.53148467,0.46880076,0.52997016,0.0
2021-04-21,0.52913103,0.53807666,0.48510835,0.48935123,0.0
2021-04-22,0.48972824,0.51437749,0.4460738,0.45010942,0.0
2021-04-23,0.44996058,0.45686225,0.37566501,0.45111252,0.0
2021-04-24,0.4510402,0.46177915,0.41264679,0.42579575,0.0
2021-04-25,0.42588313,0.44491315,0.40038908,0.41648423,0.0
2021-04-26,0.41680097,0.48678928,0.41457875,0.48622741,0.0
2021-04-27,0.48598958,0.52305072,0.47666293,0.51023962,0.0
2021-04-28,0.51034671,0.52182598,0.47499299,0.49775822,0.0
2021-04-29,0.49759954,0.50903114,0.47646822,0.49170773,0.0
2021-04-30,0.49162869,0.54136196,0.48517334,0.53020366,0.0
2021-05-01,0.53026334,0.54049979,0.5119476,0.54048613,0.0
2021-05-02,0.54062778,0.56032289,0.51301598,0.55606326,0.0
2021-05-03,0.55633464,0.57361588,0.54003663,0.5513198,0.0
2021-05-04,0.55087475,0.55126514,0.49488531,0.50256994,0.0
2021-05-05,0.50191133,0.60656588,0.49669611,0.60587016,0.0
2021-05-06,0.60557766,0.69047683,0.59574264,0.65156296,0.0
2021-05-07,0.65080787,0.68898219,0.60524309,0.63153948,0.0
2021-05-08,0.63131136,0.64121451,0.60495863,0.61554693,0.0
2021-05-09,0.61550621,0.63411808,0.57577797,0.62880117,0.0
2021-05-10,0.62872319,0.78043711,0.61182653,0.65839238,0.0
2021-05-11,0.65821196,0.74210429,0.62046831,0.73538035,0.0
2021-05-12,0.73599069,0.73957202,0.58061069,0.59154942,0.0
2021-05-13,0.59233898,0.66134383,0.545358,0.65259541,0.0
2021-05-14,0.6530459,0.7083978,0.6340903,0.66921957,0.0
2021-05-15,0.66929533,0.744295,0.65003109,0.68127221,0.0
2021-05-16,0.68168015,0.79782571,0.65897711,0.71134365,0.0
2021-05-17,0.71110605,0.71368525,0.6201948,0.64382342,0.0
2021-05-18,0.64361903,0.70044756,0.63191345,0.64582803,0.0
2021-05-19,0.64615137,0.65650887,0.29748928,0.44732898,0.0
2021-05-20,0.44830304,0.53549004,0.40597868,0.49590608,0.0
2021-05-21,0.49574718,0.51323847,0.37281776,0.41899062,0.0
2021-05-22,0.41910366,0.42248367,0.36698068,0.38932257,0.0
2021-05-23,0.38888379,0.4013746,0.27403872,0.36391401,0.0
2021-05-24,0.36371675,0.45069831,0.36040773,0.43982582,0.0
2021-05-25,0.43991107,0.46101597,0.4071622,0.42926309,0.0
2021-05-26,0.42954282,0.47137588,0.42140102,0.444024,0.0
2021-05-27,0.44357837,0.44721597,0.41079094,0.42001995,0.0
2021-05-28,0.42085537,0.42630205,0.36471796,0.39892713,0.0
2021-05-29,0.39926529,0.40968157,0.34380783,0.36704005,0.0
2021-05-30,0.36733648,0.39903579,0.34578095,0.37497356,0.0
2021-05-31,0.37352698,0.40976761,0.36569679,0.40270615,0.0
2021-06-01,0.40272956,0.44932234,0.38401427,0.41810146,0.0
2021-06-02,0.41874356,0.43544377,0.4055603,0.41895155,0.0
2021-06-03,0.41897555,0.43396882,0.41276354,0.42490949,0.0
2021-06-04,0.42496147,0.42505394,0.36934827,0.38468627,0.0
2021-06-05,0.38483747,0.40570464,0.36353893,0.37527334,0.0
2021-06-06,0.37461489,0.38839572,0.37169107,0.38034899,0.0
2021-06-07,0.38051514,0.39194299,0.34319124,0.34670436,0.0
2021-06-08,0.3458384,0.35696504,0.30967997,0.3498506,0.0
2021-06-09,0.34953916,0.36558758,0.32465986,0.36539098,0.0
2021-06-10,0.36517053,0.36779962,0.33111003,0.33851987,0.0
2021-06-11,0.33872534,0.34286449,0.31416312,0.31814992,0.0
2021-06-12,0.31798693,0.34377089,0.29989993,0.32753504,0.0
2021-06-13,0.32802955,0.34870157,0.31094414,0.34495762,0.0
2021-06-14,0.34513732,0.34989672,0.32717527,0.34361711,0.0
2021-06-15,0.34330172,0.35180811,0.3298078,0.3338145,0.0
2021-06-16,0.33351972,0.34203271,0.31485401,0.31745516,0.0
2021-06-17,0.31747051,0.33006761,0.30996231,0.31724468,0.0
2021-06-18,0.31734403,0.31833647,0.28458964,0.29724533,0.0
2021-06-19,0.29716823,0.30668148,0.28877003,0.28917684,0.0
2021-06-20,0.28917353,0.29907527,0.26970549,0.29704642,0.0
2021-06-21,0.2975395,0.30254324,0.23530964,0.23628411,0.0
2021-06-22,0.23602596,0.25908733,0.19896109,0.23508743,0.0
2021-06-23,0.23502027,0.2699241,0.22738561,0.25584535,0.0
2021-06-24,0.2558677,0.27335709,0.24333351,0.26854315,0.0
2021-06-25,0.26884616,0.27398559,0.24054724,0.24138427,0.0
2021-06-26,0.24065013,0.24939703,0.22830458,0.24920386,0.0
2021-06-27,0.24953463,0.25946088,0.23929153,0.25945588,0.0
2021-06-28,0.25975316,0.26935455,0.2558684,0.26352374,0.0
2021-06-29,0.2636205,0.29389602,0.26257343,0.28287468,0.0
2021-06-30,0.28309766,0.28589089,0.26605641,0.2845861,0.0
2021-07-01,0.28414978,0.28426416,0.259766,0.26914817,0.0
2021-07-02,0.26884168,0.27336889,0.2522378,0.26290817,0.0
2021-07-03,0.26322021,0.27000892,0.25909182,0.26360467,0.0
2021-07-04,0.26377387,0.27230119,0.25852604,0.26816805,0.0
2021-07-05,0.2677111,0.26780649,0.25089488,0.25365934,0.0
2021-07-06,0.25335138,0.26773772,0.25284383,0.26026003,0.0
2021-07-07,0.26029507,0.26558513,0.25578212,0.25668932,0.0
2021-07-08,0.25658225,0.25772395,0.23893237,0.2430003,0.0
2021-07-09,0.24281398,0.24931522,0.23258798,0.24574723,0.0
2021-07-10,0.24575254,0.25274015,0.23841887,0.24497466,0.0
2021-07-11,0.24504958,0.24799958,0.24045043,0.24575151,0.0
2021-07-12,0.2458123,0.25217327,0.23607676,0.23846823,0.0
2021-07-13,0.23848253,0.24211314,0.2270018,0.23231759,0.0
2021-07-14,0.23233489,0.24482356,0.21928446,0.23998291,0.0
2021-07-15,0.23991844,0.24326745,0.22628265,0.24063367,0.0
2021-07-16,0.24069639,0.25779745,0.23311648,0.2351055,0.0
2021-07-17,0.23531091,0.23842049,0.22787843,0.23246495,0.0
2021-07-18,0.23260526,0.24041413,0.22658576,0.22981231,0.0
2021-07-19,0.22986253,0.2310298,0.21078284,0.2112554,0.0
2021-07-20,0.21126088,0.21541757,0.19874666,0.21226002,0.0
2021-07-21,0.21201757,0.22985586,0.20687185,0.22787845,0.0
2021-07-22,0.22796187,0.26794402,0.22388764,0.26291517,0.0
2021-07-23,0.26304535,0.27372083,0.24868076,0.26912906,0.0
2021-07-24,0.26933381,0.27241932,0.26100291,0.26731397,0.0
2021-07-25,0.26723823,0.26747375,0.2537565,0.26183029,0.0
2021-07-26,0.26183279,0.28456819,0.25675823,0.26059906,0.0
2021-07-27,0.26055093,0.27017031,0.2512981,0.26310853,0.0
2021-07-28,0.26298713,0.2816937,0.25787212,0.2699906,0.0
2021-07-29,0.27007397,0.27500876,0.26193449,0.27226212,0.0
2021-07-30,0.27251301,0.28529225,0.26250606,0.27959893,0.0
2021-07-31,0.27969846,0.28999324,0.27329374,0.28456946,0.0
2021-08-01,0.28478806,0.30094414,0.27237561,0.2754104,0.0
2021-08-02,0.27520251,0.28631299,0.26854854,0.27432952,0.0
2021-08-03,0.27420867,0.27890142,0.26416658,0.27395462,0.0
2021-08-04,0.27412885,0.28399392,0.26485862,0.28033358,0.0
2021-08-05,0.28083548,0.28250462,0.26505948,0.2804677,0.0
2021-08-06,0.28051469,0.28632066,0.27435053,0.28491728,0.0
2021-08-07,0.28525295,0.31169242,0.28199126,0.30746368,0.0
2021-08-08,0.30727888,0.31383315,0.28584904,0.287585,0.0
2021-08-09,0.28728796,0.30576862,0.27975296,0.29895675,0.0
2021-08-10,0.29876275,0.31488442,0.29536211,0.31017756,0.0
2021-08-11,0.31012926,0.35238756,0.30972622,0.33791973,0.0
2021-08-12,0.33740336,0.3530649,0.31517363,0.32829964,0.0
2021-08-13,0.3286727,0.36501063,0.32418596,0.36014763,0.0
2021-08-14,0.36014434,0.39992481,0.35078489,0.39532313,0.0
2021-08-15,0.39523735,0.40309975,0.37041675,0.39138735,0.0
2021-08-16,0.39123563,0.4101367,0.369263,0.37180182,0.0
2021-08-17,0.37164519,0.383825,0.33946488,0.34138787,0.0
2021-08-18,0.34112219,0.35953685,0.32476009,0.34192271,0.0
2021-08-19,0.34218575,0.36844765,0.33184725,0.36736286,0.0
2021-08-20,0.36727065,0.387635,0.36024932,0.38519279,0.0
2021-08-21,0.38524881,0.38543777,0.36756208,0.37174282,0.0
2021-08-22,0.37182957,0.38956759,0.36162489,0.37282102,0.0
2021-08-23,0.37258793,0.38783727,0.37034935,0.3789721,0.0
2021-08-24,0.37871858,0.3803757,0.35013401,0.35060962,0.0
2021-08-25,0.35062236,0.35976866,0.34159891,0.35875397,0.0
2021-08-26,0.35890397,0.36340072,0.33091275,0.33506632,0.0
2021-08-27,0.33535087,0.35738627,0.32927387,0.35724969,0.0
2021-08-28,0.35713367,0.35991414,0.34256803,0.34783217,0.0
2021-08-29,0.3476839,0.35376716,0.34122518,0.34322013,0.0
2021-08-30,0.3432692,0.3460329,0.3285136,0.32973757,0.0
2021-08-31,0.32976729,0.35664884,0.32722057,0.3393834,0.0
2021-09-01,0.33946767,0.35628811,0.33587764,0.35366469,0.0
2021-09-02,0.35373643,0.36768388,0.35206844,0.35966269,0.0
2021-09-03,0.35965352,0.37782635,0.35200009,0.36898884,0.0
2021-09-04,0.36882859,0.38463409,0.36529081,0.36990517,0.0
2021-09-05,0.37012406,0.39803834,0.36847205,0.39803067,0.0
2021-09-06,0.39787947,0.43159002,0.38970315,0.42397959,0.0
2021-09-07,0.42412395,0.42446289,0.2731592,0.33579748,0.0
2021-09-08,0.33606678,0.34308784,0.3046473,0.32992287,0.0
2021-09-09,0.33005687,0.34178167,0.32427682,0.33258031,0.0
2021-09-10,0.3324019,0.35950941,0.31103443,0.31679688,0.0
2021-09-11,0.31697904,0.33241788,0.31529693,0.32471207,0.0
2021-09-12,0.32464554,0.33846406,0.31739983,0.33253545,0.0
2021-09-13,0.33245206,0.33646537,0.31012983,0.3189092,0.0
2021-09-14,0.31892703,0.33137654,0.31608183,0.33124264,0.0
2021-09-15,0.3311411,0.34189108,0.3273463,0.34102515,0.0
2021-09-16,0.34114254,0.34228526,0.323666,0.33072219,0.0
2021-09-17,0.33089468,0.33292813,0.31501454,0.31919966,0.0
2021-09-18,0.31955319,0.32779464,0.31528587,0.32213152,0.0
2021-09-19,0.32213892,0.3248993,0.31044269,0.31358667,0.0
2021-09-20,0.3136346,0.31450182,0.27027658,0.28158404,0.0
2021-09-21,0.28200371,0.28736948,0.26026749,0.26563056,0.0
2021-09-22,0.26572903,0.29328473,0.26064295,0.29277603,0.0
2021-09-23,0.29254129,0.30304334,0.28862339,0.30298047,0.0
2021-09-24,0.30299476,0.30570745,0.26985181,0.28135132,0.0
2021-09-25,0.28129106,0.28580521,0.2706885,0.27771175,0.0
2021-09-26,0.27757748,0.283528,0.26123172,0.2762962,0.0
2021-09-27,0.27572512,0.28321677,0.2649464,0.2650186,0.0
2021-09-28,0.26497367,0.27003603,0.25500501,0.2563988,0.0
2021-09-29,0.25659305,0.27917888,0.25504641,0.26990925,0.0
2021-09-30,0.26956013,0.2806547,0.26852919,0.27881584,0.0
2021-10-01,0.27872096,0.30069816,0.27557067,0.30061381,0.0
2021-10-02,0.30041039,0.32647822,0.29258706,0.31667498,0.0
2021-10-03,0.31664415,0.322984,0.31045472,0.31486136,0.0
2021-10-04,0.31474998,0.31544167,0.29611184,0.3103404,0.0
2021-10-05,0.31061045,0.32052999,0.30783316,0.31884596,0.0
2021-10-06,0.31898715,0.36470697,0.30578732,0.3578006,0.0
2021-10-07,0.35817926,0.36996735,0.34194479,0.34299612,0.0
2021-10-08,0.34362183,0.3496934,0.3325634,0.33618442,0.0
2021-10-09,0.33624558,0.36761566,0.3330625,0.35315524,0.0
2021-10-10,0.35314049,0.35794323,0.32921142,0.33128135,0.0
2021-10-11,0.33132787,0.35754966,0.32539285,0.34439632,0.0
2021-10-12,0.34454543,0.34467531,0.32024449,0.33290432,0.0
2021-10-13,0.33268315,0.37650264,0.33044178,0.3679043,0.0
2021-10-14,0.36833158,0.38203795,0.36403234,0.3693879,0.0
2021-10-15,0.36933451,0.37333281,0.35138586,0.36139273,0.0
2021-10-16,0.36169631,0.42025735,0.36152371,0.39658705,0.0
2021-10-17,0.39673355,0.40312882,0.36563891,0.38336586,0.0
2021-10-18,0.38327941,0.39492272,0.37606617,0.37955471,0.0
2021-10-19,0.37962901,0.38376117,0.36647566,0.37396693,0.0
2021-10-20,0.37397513,0.39235482,0.36820866,0.39193056,0.0
2021-10-21,0.39181408,0.39791776,0.37122074,0.37292024,0.0
2021-10-22,0.37310784,0.38062029,0.36528567,0.37233243,0.0
2021-10-23,0.37223556,0.37842954,0.36742362,0.37826754,0.0
2021-10-24,0.37806649,0.38653211,0.3665452,0.37235871,0.0
2021-10-25,0.37226927,0.38822278,0.37079369,0.38817036,0.0
2021-10-26,0.38813561,0.38829015,0.36838305,0.37315153,0.0
2021-10-27,0.37324055,0.37561747,0.31206806,0.3306392,0.0
2021-10-28,0.33062112,0.34895354,0.32573641,0.34278994,0.0
2021-10-29,0.3426807,0.3637898,0.34051627,0.36182688,0.0
2021-10-30,0.36238649,0.36746765,0.35154049,0.35874066,0.0
2021-10-31,0.3589017,0.39002843,0.35734582,0.3731231,0.0
2021-11-01,0.37295488,0.37583261,0.35745673,0.36630015,0.0
2021-11-02,0.36633999,0.38297042,0.36306674,0.38279498,0.0
2021-11-03,0.38293706,0.39890945,0.37091843,0.3852065,0.0
2021-11-04,0.38546425,0.39055685,0.36512114,0.36898502,0.0
2021-11-05,0.36925443,0.37410565,0.35879056,0.35942454,0.0
2021-11-06,0.35938554,0.36443146,0.35016437,0.35925178,0.0
2021-11-07,0.35940795,0.36590441,0.35693795,0.3636181,0.0
2021-11-08,0.36369825,0.37885346,0.36265457,0.37781891,0.0
2021-11-09,0.37808924,0.42291043,0.3736564,0.41257119,0.0
2021-11-10,0.41271702,0.44109416,0.36519386,0.38372258,0.0
2021-11-11,0.38305245,0.40326776,0.37601635,0.39120752,0.0
2021-11-12,0.3910151,0.39411777,0.36485729,0.37926604,0.0
2021-11-13,0.37937604,0.38247333,0.37072975,0.37877873,0.0
2021-11-14,0.37853681,0.38210807,0.36768242,0.37715531,0.0
2021-11-15,0.37727256,0.39359809,0.3740974,0.37679227,0.0
2021-11-16,0.37681106,0.37700162,0.33311985,0.34370027,0.0
2021-11-17,0.34344483,0.34963475,0.33283352,0.34621042,0.0
2021-11-18,0.34637429,0.35612855,0.3126426,0.32788472,0.0
2021-11-19,0.32799243,0.36117627,0.32551585,0.35395142,0.0
2021-11-20,0.35382601,0.35872562,0.33674228,0.34888526,0.0
2021-11-21,0.34879957,0.34914834,0.33815051,0.34400445,0.0
2021-11-22,0.34387691,0.35658139,0.33193476,0.33621206,0.0
2021-11-23,0.33625938,0.34276035,0.32781164,0.34118711,0.0
2021-11-24,0.34131523,0.34199439,0.32092191,0.32739838,0.0
2021-11-25,0.32737673,0.34794964,0.326005,0.34183255,0.0
2021-11-26,0.34183977,0.3503999,0.30573518,0.32860486,0.0
2021-11-27,0.32945331,0.33562179,0.32086309,0.32613879,0.0
2021-11-28,0.32628622,0.32665212,0.30076951,0.32384417,0.0
2021-11-29,0.32389001,0.33405782,0.32253404,0.32861683,0.0
2021-11-30,0.32879904,0.35125141,0.3285249,0.33591121,0.0
2021-12-01,0.33601597,0.34540969,0.32580668,0.32774762,0.0
2021-12-02,0.32783518,0.34094726,0.31773111,0.33979245,0.0
2021-12-03,0.33958898,0.36446167,0.32259978,0.32609327,0.0
2021-12-04,0.3259543,0.32641303,0.2513656,0.29158651,0.0
2021-12-05,0.29175102,0.29636174,0.26373016,0.2854917,0.0
2021-12-06,0.28552123,0.29829307,0.2488214,0.29637798,0.0
2021-12-07,0.29591844,0.30048413,0.28225016,0.28745045,0.0
2021-12-08,0.2874473,0.30921462,0.28387295,0.30647826,0.0
2021-12-09,0.30663678,0.30669968,0.27346477,0.27361823,0.0
2021-12-10,0.27351848,0.28061458,0.25946656,0.26059801,0.0
2021-12-11,0.26078083,0.2805206,0.25684025,0.27445469,0.0
2021-12-12,0.27450441,0.2819348,0.26712174,0.2758669,0.0
2021-12-13,0.27581163,0.27660868,0.25218238,0.25340679,0.0
2021-12-14,0.25305123,0.27093449,0.24774628,0.267849,0.0
2021-12-15,0.26772776,0.27625966,0.24686575,0.27297321,0.0
2021-12-16,0.27289688,0.27486881,0.25560269,0.25580307,0.0
2021-12-17,0.25605618,0.26268414,0.24606516,0.25467857,0.0
2021-12-18,0.2544263,0.26641563,0.25105148,0.25585833,0.0
2021-12-19,0.25589682,0.26721103,0.25199113,0.2535853,0.0
2021-12-20,0.25347522,0.27404499,0.25088669,0.25806586,0.0
2021-12-21,0.25821306,0.26947237,0.25316085,0.26783559,0.0
2021-12-22,0.26783065,0.27718489,0.26718651,0.26752201,0.0
2021-12-23,0.26762625,0.28989735,0.26477728,0.2875701,0.0
2021-12-24,0.28774756,0.28882432,0.27598174,0.27840654,0.0
2021-12-25,0.27845677,0.29622194,0.27632161,0.29000589,0.0
2021-12-26,0.28986657,0.29461052,0.28549862,0.2919033,0.0
2021-12-27,0.2918241,0.30618849,0.29127583,0.29928806,0.0
2021-12-28,0.299038,0.2996842,0.27321194,0.2743407,0.0
2021-12-29,0.27414651,0.27962196,0.26482927,0.26680236,0.0
2021-12-30,0.26689936,0.275269,0.26089835,0.26817181,0.0
2021-12-31,0.26812331,0.27673213,0.25910458,0.26656509,0.0
2022-01-01,0.26673415,0.27714871,0.26606458,0.27688647,0.0
2022-01-02,0.27707436,0.29221851,0.27574806,0.29214574,0.0
2022-01-03,0.29210008,0.29745088,0.28565349,0.29006455,0.0
2022-01-04,0.29041278,0.29122789,0.27859371,0.27963953,0.0
2022-01-05,0.27923899,0.29415803,0.25465078,0.26639796,0.0
2022-01-06,0.26623748,0.27228597,0.25813467,0.26787802,0.0
2022-01-07,0.26796777,0.26832372,0.25142017,0.25696201,0.0
2022-01-08,0.25721479,0.264466,0.24677513,0.25490239,0.0
2022-01-09,0.25492829,0.26404554,0.25330133,0.26110235,0.0
2022-01-10,0.26092956,0.26390448,0.2394518,0.2531905,0.0
2022-01-11,0.25321408,0.26362899,0.24822596,0.26320315,0.0
2022-01-12,0.26308561,0.29155369,0.26290893,0.28247111,0.0
2022-01-13,0.28221963,0.29002078,0.26857909,0.26931162,0.0
2022-01-14,0.2692615,0.28531152,0.26187597,0.26486969,0.0
2022-01-15,0.26460917,0.26967036,0.25659248,0.25913595,0.0
2022-01-16,0.25927804,0.26254603,0.25469474,0.25892899,0.0
2022-01-17,0.25921304,0.25983986,0.25008097,0.25622717,0.0
2022-01-18,0.2562434,0.2577161,0.2489446,0.25422269,0.0
2022-01-19,0.25420707,0.25569222,0.24352727,0.24555376,0.0
2022-01-20,0.24576207,0.25227626,0.23002677,0.23168662,0.0
2022-01-21,0.23139725,0.23373934,0.199005,0.20293056,0.0
2022-01-22,0.2028774,0.20817271,0.16830649,0.19233406,0.0
2022-01-23,0.19239556,0.20108755,0.18802205,0.20085967,0.0
2022-01-24,0.20089564,0.20098588,0.17246332,0.19806658,0.0
2022-01-25,0.19799647,0.19952697,0.18800412,0.19692658,0.0
2022-01-26,0.19689537,0.20806986,0.19149545,0.19680639,0.0
2022-01-27,0.19671318,0.2010673,0.18733221,0.19376118,0.0
2022-01-28,0.19387695,0.19951721,0.18914621,0.19891533,0.0
2022-01-29,0.19870455,0.20465052,0.19778474,0.2032512,0.0
2022-01-30,0.20341185,0.20667375,0.19289233,0.19535942,0.0
2022-01-31,0.1954926,0.20096761,0.18965654,0.19964056,0.0
2022-02-01,0.19964901,0.2060356,0.19914681,0.20207472,0.0
2022-02-02,0.20214648,0.20610627,0.19058214,0.19311662,0.0
2022-02-03,0.19305544,0.19533868,0.18907086,0.1950253,0.0
2022-02-04,0.1949807,0.20999962,0.19378597,0.20901698,0.0
2022-02-05,0.20903285,0.21652655,0.20828624,0.2132157,0.0
2022-02-06,0.21319064,0.2249769,0.2131438,0.22390853,0.0
2022-02-07,0.22402614,0.24210828,0.21929294,0.23962546,0.0
2022-02-08,0.23995774,0.25732115,0.23366018,0.24233036,0.0
2022-02-09,0.24244152,0.24394159,0.23449248,0.23862328,0.0
2022-02-10,0.23863942,0.24273822,0.22888288,0.23231496,0.0
2022-02-11,0.23216292,0.23222875,0.21369622,0.21608713,0.0
2022-02-12,0.21608902,0.22486046,0.2120724,0.21884928,0.0
2022-02-13,0.21884003,0.22192029,0.21070845,0.21072545,0.0
2022-02-14,0.21045506,0.21386971,0.20549581,0.21087756,0.0
2022-02-15,0.21082382,0.22201539,0.2094996,0.22100307,0.0
2022-02-16,0.22101669,0.22167224,0.21378045,0.21880594,0.0
2022-02-17,0.21881114,0.22637906,0.20094837,0.20253029,0.0
2022-02-18,0.20256763,0.20879866,0.19543414,0.2007278,0.0
2022-02-19,0.20082503,0.21124272,0.19655664,0.20419322,0.0
2022-02-20,0.20438544,0.20598692,0.19325253,0.19444924,0.0
2022-02-21,0.19463027,0.200955,0.17625519,0.17808517,0.0
2022-02-22,0.17830039,0.18693103,0.17302829,0.18577437,0.0
2022-02-23,0.18584394,0.19385787,0.18158066,0.18166866,0.0
2022-02-24,0.18169866,0.18611652,0.16192367,0.18244495,0.0
2022-02-25,0.18258958,0.19069734,0.17808304,0.18984755,0.0
2022-02-26,0.18967807,0.19815958,0.18881846,0.19130207,0.0
2022-02-27,0.19106939,0.19235579,0.17825242,0.18068983,0.0
2022-02-28,0.18058876,0.19788226,0.17695327,0.19724773,0.0
2022-03-01,0.19727605,0.20246216,0.19231145,0.19857261,0.0
2022-03-02,0.19854267,0.19919091,0.19086805,0.19318553,0.0
2022-03-03,0.19300527,0.1948375,0.18440716,0.18753963,0.0
2022-03-04,0.18753074,0.18829411,0.17430367,0.17551422,0.0
2022-03-05,0.17572593,0.17894933,0.17229902,0.17880079,0.0
2022-03-06,0.17882757,0.17981554,0.17185001,0.17251613,0.0
2022-03-07,0.17259148,0.1783226,0.16629909,0.16946235,0.0
2022-03-08,0.16935129,0.17392361,0.16768701,0.17275547,0.0
2022-03-09,0.17283844,0.18991473,0.17190274,0.18846518,0.0
2022-03-10,0.18846868,0.19136483,0.17267638,0.17840294,0.0
2022-03-11,0.1784212,0.18467082,0.17249915,0.18333164,0.0
2022-03-12,0.18325548,0.1883403,0.18231803,0.18449996,0.0
2022-03-13,0.18444524,0.18747231,0.17541286,0.17609128,0.0
2022-03-14,0.17609146,0.1807085,0.17315082,0.17973332,0.0
2022-03-15,0.17969395,0.18353383,0.17548353,0.18237897,0.0
2022-03-16,0.18244312,0.18939599,0.18033229,0.18897968,0.0
2022-03-17,0.1890562,0.19122583,0.18492905,0.18936047,0.0
2022-03-18,0.18950611,0.193462,0.18486366,0.19237959,0.0
2022-03-19,0.1924706,0.19841232,0.19079895,0.19820844,0.0
2022-03-20,0.19803554,0.199445,0.19177967,0.19702876,0.0
2022-03-21,0.19694955,0.20388958,0.19232675,0.20343981,0.0
2022-03-22,0.20331212,0.21283495,0.20126548,0.20651926,0.0
2022-03-23,0.206659,0.21148155,0.20396558,0.20912289,0.0
2022-03-24,0.20925332,0.21609908,0.20614202,0.21472208,0.0
2022-03-25,0.21471628,0.22035069,0.21009714,0.21127381,0.0
2022-03-26,0.21129076,0.21487307,0.20966842,0.21483768,0.0
2022-03-27,0.21480547,0.2309915,0.21382541,0.22944342,0.0
2022-03-28,0.22952702,0.24090595,0.22778259,0.22936715,0.0
2022-03-29,0.22941488,0.23944931,0.22876338,0.23301162,0.0
2022-03-30,0.23276637,0.23735523,0.22613572,0.23443973,0.0
2022-03-31,0.23428631,0.24097465,0.22613845,0.22808429,0.0
2022-04-01,0.22803287,0.2324489,0.22102694,0.23186155,0.0
2022-04-02,0.23176757,0.23542988,0.23023429,0.23226981,0.0
2022-04-03,0.2321344,0.2380767,0.23009631,0.2366676,0.0
2022-04-04,0.23675249,0.23681074,0.22628662,0.23171209,0.0
2022-04-05,0.23164922,0.2338693,0.22405144,0.22458718,0.0
2022-04-06,0.22453974,0.22514893,0.20206773,0.20296247,0.0
2022-04-07,0.20295553,0.21432616,0.20051165,0.21229913,0.0
2022-04-08,0.21229823,0.21346949,0.20126359,0.20288399,0.0
2022-04-09,0.20270942,0.20579099,0.20150149,0.20495562,0.0
2022-04-10,0.20491865,0.20707737,0.1999155,0.20012975,0.0
2022-04-11,0.20012334,0.200879,0.18495921,0.18635396,0.0
2022-04-12,0.18651748,0.19364259,0.18555877,0.19222826,0.0
2022-04-13,0.19235646,0.19690229,0.19022492,0.19612456,0.0
2022-04-14,0.19623801,0.1992375,0.1911766,0.19359051,0.0
2022-04-15,0.19361564,0.21179412,0.19230364,0.20407439,0.0
2022-04-16,0.2039985,0.20674819,0.20233425,0.20477942,0.0
2022-04-17,0.20481915,0.20607789,0.19599269,0.19623772,0.0
2022-04-18,0.19631377,0.20567593,0.18961319,0.2047804,0.0
2022-04-19,0.20480429,0.2056517,0.19994158,0.20364549,0.0
2022-04-20,0.20349993,0.207516,0.19915164,0.19998144,0.0
2022-04-21,0.19997322,0.203936,0.19320417,0.19615065,0.0
2022-04-22,0.19609259,0.19803847,0.19354199,0.19510859,0.0
2022-04-23,0.19505829,0.19673018,0.19180737,0.19227287,0.0
2022-04-24,0.1921179,0.19421738,0.18918621,0.18925135,0.0
2022-04-25,0.18937308,0.19310451,0.17856605,0.19199388,0.0
2022-04-26,0.19191265,0.19235699,0.17739075,0.18013487,0.0
2022-04-27,0.18012812,0.18641777,0.17931483,0.18391859,0.0
2022-04-28,0.18392517,0.18846129,0.18232561,0.18555045,0.0
2022-04-29,0.18546596,0.18764363,0.1758589,0.17772432,0.0
2022-04-30,0.17770713,0.1803543,0.16949014,0.17094515,0.0
2022-05-01,0.17088848,0.1767969,0.17056309,0.17539135,0.0
2022-05-02,0.17541539,0.17745978,0.17000862,0.17321175,0.0
2022-05-03,0.17313356,0.17691105,0.16914104,0.17165248,0.0
2022-05-04,0.17163573,0.1845452,0.17112106,0.1843258,0.0
2022-05-05,0.18442697,0.18728464,0.16674623,0.17074559,0.0
2022-05-06,0.17067207,0.17220904,0.16423161,0.17111069,0.0
2022-05-07,0.17106716,0.17256866,0.16599655,0.16810703,0.0
2022-05-08,0.16802055,0.16861697,0.16049219,0.16120491,0.0
2022-05-09,0.1613782,0.16467516,0.13890015,0.14023714,0.0
2022-05-10,0.14033102,0.15590198,0.13602828,0.14800832,0.0
2022-05-11,0.14792818,0.1507044,0.11668795,0.12551224,0.0
2022-05-12,0.12552483,0.13004539,0.10161708,0.12002863,0.0
2022-05-13,0.12003697,0.13944557,0.11924365,0.13186517,0.0
2022-05-14,0.13184031,0.13792122,0.12986055,0.13633979,0.0
2022-05-15,0.13634308,0.14482925,0.13322773,0.14472172,0.0
2022-05-16,0.14458036,0.14458211,0.13334584,0.13583009,0.0
2022-05-17,0.13588726,0.14184976,0.13317797,0.14130871,0.0
2022-05-18,0.14124731,0.14275901,0.1268913,0.12714445,0.0
2022-05-19,0.12733929,0.13332424,0.12250576,0.13016664,0.0
2022-05-20,0.13018861,0.13369127,0.12394039,0.1259879,0.0
2022-05-21,0.1259352,0.12969353,0.12384458,0.12923041,0.0
2022-05-22,0.12916715,0.13620474,0.1286782,0.13503047,0.0
2022-05-23,0.13505428,0.13800386,0.12750149,0.12843609,0.0
2022-05-24,0.12842766,0.13290653,0.12383755,0.13255411,0.0
2022-05-25,0.13255433,0.13400415,0.12782369,0.13172745,0.0
2022-05-26,0.13180585,0.13348938,0.12038731,0.12383873,0.0
2022-05-27,0.12381118,0.12452481,0.11800711,0.12022176,0.0
2022-05-28,0.12029933,0.12275206,0.11945374,0.12195477,0.0
2022-05-29,0.12187016,0.13088894,0.12115963,0.13057799,0.0
2022-05-30,0.13062314,0.14347846,0.13043204,0.14319935,0.0
2022-05-31,0.14306346,0.1535625,0.14071358,0.15026693,0.0
2022-06-01,0.15023877,0.15052428,0.13277104,0.1365911,0.0
2022-06-02,0.1365622,0.1436195,0.13454752,0.14263511,0.0
2022-06-03,0.14265861,0.15059919,0.13908151,0.14511959,0.0
2022-06-04,0.14511907,0.14619043,0.14080454,0.14321748,0.0
2022-06-05,0.14317981,0.14627665,0.14129033,0.14299603,0.0
2022-06-06,0.14304946,0.15017728,0.14188892,0.14460952,0.0
2022-06-07,0.14460836,0.14496549,0.1340019,0.13991457,0.0
2022-06-08,0.13994157,0.14349691,0.13554723,0.13963862,0.0
2022-06-09,0.13965929,0.14207257,0.13778702,0.1394957,0.0
2022-06-10,0.13945793,0.14072515,0.13134782,0.13301065,0.0
2022-06-11,0.13292354,0.13490237,0.12496005,0.12714494,0.0
2022-06-12,0.12706635,0.12841822,0.11779028,0.1180527,0.0
2022-06-13,0.11813721,0.11866635,0.10290576,0.1064356,0.0
2022-06-14,0.10616567,0.11487411,0.09978959,0.11230839,0.0
2022-06-15,0.11234134,0.12173632,0.10345375,0.1207056,0.0
2022-06-16,0.12065667,0.12269467,0.10625383,0.10877753,0.0
2022-06-17,0.10864212,0.11605908,0.10658447,0.1116928,0.0
2022-06-18,0.11165041,0.11296758,0.10402371,0.10851467,0.0
2022-06-19,0.10861633,0.11521748,0.10606729,0.1142941,0.0
2022-06-20,0.11435342,0.11751883,0.10963989,0.11261178,0.0
2022-06-21,0.11255689,0.11894961,0.11109006,0.1141468,0.0
2022-06-22,0.11410045,0.11516803,0.10907937,0.11252988,0.0
2022-06-23,0.11260038,0.11875212,0.11227889,0.11763688,0.0
2022-06-24,0.11769228,0.12990506,0.11756623,0.12733396,0.0
2022-06-25,0.12733794,0.12908194,0.12352028,0.1265978,0.0
2022-06-26,0.12660591,0.12762251,0.11943975,0.11985516,0.0
2022-06-27,0.11979917,0.12384598,0.11606947,0.11855715,0.0
2022-06-28,0.11859042,0.12080056,0.11329333,0.11389233,0.0
2022-06-29,0.11380595,0.11513084,0.1066518,0.10963008,0.0
2022-06-30,0.10968346,0.11223055,0.10264794,0.11206843,0.0
2022-07-01,0.1118091,0.11475277,0.10721993,0.10967018,0.0
2022-07-02,0.10984009,0.11053986,0.10625885,0.10873732,0.0
2022-07-03,0.1088206,0.11074216,0.10670534,0.10870589,0.0
2022-07-04,0.10868587,0.1109904,0.10604754,0.11071705,0.0
2022-07-05,0.11073905,0.11105504,0.10410415,0.10748738,0.0
2022-07-06,0.1075181,0.10998767,0.10617276,0.10895664,0.0
2022-07-07,0.1089378,0.11519245,0.10863104,0.1133173,0.0
2022-07-08,0.11340807,0.1180564,0.11134646,0.11307906,0.0
2022-07-09,0.11309931,0.11459514,0.11212215,0.11277672,0.0
2022-07-10,0.11272597,0.1129819,0.10590023,0.10703566,0.0
2022-07-11,0.10698426,0.10763955,0.10067227,0.10099244,0.0
2022-07-12,0.1009128,0.10307013,0.09985345,0.10000701,0.0
2022-07-13,0.09995695,0.10527176,0.09861875,0.10499278,0.0
2022-07-14,0.10498749,0.10693216,0.10150117,0.10685666,0.0
2022-07-15,0.10677308,0.10815705,0.10493482,0.10710443,0.0
2022-07-16,0.10701138,0.10921892,0.10537835,0.10871849,0.0
2022-07-17,0.10867049,0.1100033,0.10591788,0.10627666,0.0
2022-07-18,0.10626182,0.11590835,0.10607435,0.1139081,0.0
2022-07-19,0.1138858,0.11961332,0.11048343,0.11821716,0.0
2022-07-20,0.11820379,0.12061039,0.11066239,0.11167005,0.0
2022-07-21,0.11169312,0.11372309,0.10895979,0.1132167,0.0
2022-07-22,0.11324194,0.11566508,0.11006756,0.1113589,0.0
2022-07-23,0.11138005,0.11262713,0.10916404,0.11109166,0.0
2022-07-24,0.11105941,0.1152519,0.11103441,0.11285099,0.0
2022-07-25,0.11287434,0.1136099,0.10525459,0.10546964,0.0
2022-07-26,0.10544599,0.10557596,0.10191725,0.1052716,0.0
2022-07-27,0.1052951,0.11248935,0.10311724,0.11232834,0.0
2022-07-28,0.1123246,0.11786361,0.10969879,0.11636388,0.0
2022-07-29,0.11640711,0.11905929,0.11393802,0.11753986,0.0
2022-07-30,0.11751933,0.12313903,0.11637813,0.11882385,0.0
2022-07-31,0.11879824,0.12130988,0.116479,0.1172566,0.0
2022-08-01,0.11719643,0.12006815,0.11644572,0.11802107,0.0
2022-08-02,0.11797181,0.12025938,0.11325486,0.11474924,0.0
2022-08-03,0.11481445,0.11703735,0.11266029,0.11385583,0.0
2022-08-04,0.11383483,0.11620046,0.11194512,0.11364638,0.0
2022-08-05,0.11358713,0.11812111,0.11340584,0.11788727,0.0
2022-08-06,0.11791415,0.12134344,0.11754209,0.12036421,0.0
2022-08-07,0.12036473,0.12428591,0.11882062,0.12353321,0.0
2022-08-08,0.12355276,0.13826341,0.12314904,0.12983145,0.0
2022-08-09,0.12978721,0.13018066,0.12037808,0.12174802,0.0
2022-08-10,0.12171675,0.12575956,0.11903749,0.12560809,0.0
2022-08-11,0.12559209,0.12703173,0.12412593,0.12506137,0.0
2022-08-12,0.12498287,0.12616364,0.12300466,0.12595725,0.0
2022-08-13,0.12600755,0.12761263,0.12550964,0.12629354,0.0
2022-08-14,0.12632429,0.12849308,0.1243506,0.12539864,0.0
2022-08-15,0.12533705,0.12835058,0.12142275,0.12321764,0.0
2022-08-16,0.12318288,0.12406896,0.12066679,0.12154526,0.0
2022-08-17,0.12154266,0.12718881,0.11914286,0.12092524,0.0
2022-08-18,0.1209079,0.12148813,0.11524217,0.11553194,0.0
2022-08-19,0.11548832,0.11621102,0.10647308,0.10816706,0.0
2022-08-20,0.10814474,0.10998062,0.10742792,0.10883862,0.0
2022-08-21,0.10883361,0.11152811,0.10789865,0.11072284,0.0
2022-08-22,0.11062172,0.11079525,0.10587606,0.10917803,0.0
2022-08-23,0.10919421,0.11104866,0.10693806,0.11033356,0.0
2022-08-24,0.11038572,0.11078645,0.107962,0.10914045,0.0
2022-08-25,0.10915877,0.11069487,0.1085789,0.11008579,0.0
2022-08-26,0.1099998,0.11398234,0.10305381,0.10400585,0.0
2022-08-27,0.10404721,0.10548961,0.10299177,0.10524033,0.0
2022-08-28,0.10530512,0.10671393,0.10175316,0.10228566,0.0
2022-08-29,0.10226743,0.10568645,0.10066819,0.10563186,0.0
2022-08-30,0.10562405,0.10640795,0.10014333,0.10212141,0.0
2022-08-31,0.10210746,0.10533194,0.10186438,0.10406385,0.0
2022-09-01,0.10405335,0.10516722,0.10166265,0.10469688,0.0
2022-09-02,0.10480172,0.10596584,0.10249997,0.1040788,0.0
2022-09-03,0.1040824,0.10499525,0.10349273,0.10457401,0.0
2022-09-04,0.1045742,0.10738447,0.10428366,0.10604893,0.0
2022-09-05,0.10608404,0.10658193,0.10317452,0.10475832,0.0
2022-09-06,0.10479582,0.1071732,0.09898158,0.09942556,0.0
2022-09-07,0.09939906,0.10303537,0.09816172,0.10264862,0.0
2022-09-08,0.10264187,0.10425996,0.10036272,0.10403372,0.0
2022-09-09,0.10405856,0.11374278,0.10383373,0.11358592,0.0
2022-09-10,0.11359257,0.11489154,0.11273323,0.11381472,0.0
2022-09-11,0.11385879,0.11517555,0.11205162,0.11407851,0.0
2022-09-12,0.11413394,0.11618532,0.11159397,0.11357318,0.0
2022-09-13,0.11359843,0.11364503,0.10376304,0.10426303,0.0
2022-09-14,0.10424378,0.10542011,0.10228141,0.10486617,0.0
2022-09-15,0.10483855,0.10566684,0.10107665,0.10184015,0.0
2022-09-16,0.10186513,0.10676484,0.10110184,0.10648394,0.0
2022-09-17,0.10643102,0.11172439,0.10544947,0.11116647,0.0
2022-09-18,0.11116672,0.11309443,0.10627999,0.1067934,0.0
2022-09-19,0.10672323,0.11175717,0.10315541,0.11139776,0.0
2022-09-20,0.11143646,0.11909443,0.10989501,0.11689301,0.0
2022-09-21,0.11691398,0.11817699,0.10890089,0.11032316,0.0
2022-09-22,0.11014185,0.1245047,0.11007003,0.12261956,0.0
2022-09-23,0.12259863,0.13272639,0.11644625,0.12226023,0.0
2022-09-24,0.12236517,0.12526674,0.11813925,0.11845288,0.0
2022-09-25,0.11854594,0.12250891,0.11565833,0.11701579,0.0
2022-09-26,0.11702879,0.11789067,0.11198847,0.11340016,0.0
2022-09-27,0.11342916,0.11666594,0.10922632,0.10986213,0.0
2022-09-28,0.1098631,0.11056612,0.10643428,0.10787567,0.0
2022-09-29,0.10786973,0.11945658,0.10634911,0.11514852,0.0
2022-09-30,0.11524285,0.11700706,0.11267574,0.11447538,0.0
2022-10-01,0.11443963,0.12027297,0.11405764,0.11958006,0.0
2022-10-02,0.11951352,0.12066286,0.11737657,0.11801801,0.0
2022-10-03,0.11804391,0.12014066,0.11329545,0.1164511,0.0
2022-10-04,0.11646282,0.12187062,0.11515287,0.11887077,0.0
2022-10-05,0.11886189,0.12029748,0.11659576,0.1185365,0.0
2022-10-06,0.118565,0.12114412,0.11803214,0.11919459,0.0
2022-10-07,0.11917128,0.12353441,0.11652958,0.12211056,0.0
2022-10-08,0.12226924,0.12610963,0.12190651,0.12503659,0.0
2022-10-09,0.12515356,0.12893939,0.12409855,0.12859686,0.0
2022-10-10,0.12859686,0.12911493,0.12302276,0.12328168,0.0
2022-10-11,0.12330316,0.12419498,0.11505791,0.11573771,0.0
2022-10-12,0.11573771,0.11643298,0.11439598,0.11605139,0.0
2022-10-13,0.11605139,0.1161385,0.10662204,0.11179772,0.0
2022-10-14,0.11179772,0.11624203,0.11142392,0.11225541,0.0
2022-10-15,0.11225891,0.11359859,0.11139344,0.11188088,0.0
2022-10-16,0.11187138,0.11371397,0.11178794,0.11315969,0.0
2022-10-17,0.11315969,0.11476538,0.11177371,0.11391247,0.0
2022-10-18,0.11391247,0.11419831,0.1099814,0.11210243,0.0
2022-10-19,0.11210243,0.11312974,0.10983866,0.11055644,0.0
2022-10-20,0.11055644,0.11292458,0.10872374,0.10962562,0.0
2022-10-21,0.10962562,0.11062017,0.10687381,0.11055622,0.0
2022-10-22,0.11056597,0.11096232,0.10986638,0.11081775,0.0
2022-10-23,0.1108175,0.11197578,0.10912036,0.11161254,0.0
2022-10-24,0.11160629,0.11192525,0.10881701,0.11025655,0.0
2022-10-25,0.1102578,0.11345766,0.1091545,0.11184778,0.0
2022-10-26,0.11183978,0.11404229,0.11155423,0.11360299,0.0
2022-10-27,0.11360299,0.11554416,0.11068606,0.11111646,0.0
2022-10-28,0.11111668,0.11338545,0.1093683,0.11268581,0.0
2022-10-29,0.11270431,0.11540525,0.11173968,0.11358106,0.0
2022-10-30,0.11357081,0.11491045,0.11057777,0.11114626,0.0
2022-10-31,0.11114051,0.11236771,0.10945295,0.11144513,0.0
2022-11-01,0.11144713,0.11208323,0.10901528,0.10996722,0.0
2022-11-02,0.10997022,0.11075872,0.10593829,0.1076253,0.0
2022-11-03,0.1076308,0.11032271,0.10749319,0.10880374,0.0
2022-11-04,0.10879974,0.11621516,0.10832541,0.11555716,0.0
2022-11-05,0.11555766,0.11646,0.11245107,0.11362813,0.0
2022-11-06,0.11362938,0.11425846,0.10889845,0.10905836,0.0
2022-11-07,0.10905686,0.11087859,0.10787017,0.10966459,0.0
2022-11-08,0.10966384,0.1106901,0.09254583,0.09871905,0.0
2022-11-09,0.09871255,0.09983267,0.07963996,0.0830414,0.0
2022-11-10,0.08304815,0.10071688,0.0824185,0.09697355,0.0
2022-11-11,0.09699055,0.09826154,0.09204798,0.09516029,0.0
2022-11-12,0.09516604,0.09525717,0.0901966,0.09095839,0.0
2022-11-13,0.09095114,0.09254262,0.0866291,0.08819174,0.0
2022-11-14,0.08818739,0.09117107,0.08312737,0.09116781,0.0
2022-11-15,0.09116906,0.0944373,0.09032257,0.0923679,0.0
2022-11-16,0.09236915,0.09328996,0.08864872,0.08978636,0.0
2022-11-17,0.08981225,0.09100051,0.08864494,0.09029916,0.0
2022-11-18,0.09027841,0.09137809,0.0882832,0.08920691,0.0
2022-11-19,0.08920441,0.09086729,0.08796507,0.09039329,0.0
2022-11-20,0.09039379,0.09144003,0.08628555,0.08651787,0.0
2022-11-21,0.08654711,0.08806114,0.08295116,0.08422081,0.0
2022-11-22,0.08422356,0.08704566,0.08261591,0.08695033,0.0
2022-11-23,0.08695208,0.0887314,0.08650988,0.08859294,0.0
2022-11-24,0.08858019,0.0903123,0.08734573,0.08996076,0.0
2022-11-25,0.08995526,0.09085553,0.08766811,0.08914722,0.0
2022-11-26,0.08914958,0.09040801,0.08743744,0.08802879,0.0
2022-11-27,0.08804204,0.09196069,0.08797261,0.09008449,0.0
2022-11-28,0.09008649,0.09083616,0.08520873,0.08723826,0.0
2022-11-29,0.08724001,0.08984253,0.08662776,0.08856906,0.0
2022-11-30,0.08857481,0.0904116,0.08723552,0.0898027,0.0
2022-12-01,0.0898067,0.09002014,0.08707573,0.08755049,0.0
2022-12-02,0.08755249,0.0881308,0.08631387,0.08806262,0.0
2022-12-03,0.08805737,0.08902076,0.08602267,0.08624263,0.0
2022-12-04,0.08624163,0.08793638,0.08616933,0.0877682,0.0
2022-12-05,0.0877917,0.0888257,0.08576008,0.08686632,0.0
2022-12-06,0.08686132,0.0872088,0.08520919,0.08609189,0.0
2022-12-07,0.08608814,0.08609989,0.0833936,0.08421925,0.0
2022-12-08,0.084216,0.08562572,0.08361053,0.08552591,0.0
2022-12-09,0.08556456,0.08592119,0.08444989,0.08516526,0.0
2022-12-10,0.08515326,0.08581758,0.08472276,0.08520429,0.0
2022-12-11,0.08520429,0.08549604,0.08343022,0.0837879,0.0
2022-12-12,0.08378265,0.08467,0.08173077,0.08434126,0.0
2022-12-13,0.08434101,0.08492259,0.08132077,0.08395906,0.0
2022-12-14,0.08396256,0.08460404,0.08201114,0.08302745,0.0
2022-12-15,0.0830267,0.08477333,0.08122722,0.08190942,0.0
2022-12-16,0.08192067,0.08227818,0.07423788,0.07424663,0.0
2022-12-17,0.07427971,0.07594004,0.07257064,0.07583493,0.0
2022-12-18,0.07583068,0.07706701,0.07547293,0.07657705,0.0
2022-12-19,0.0765858,0.07713677,0.07286503,0.07323233,0.0
2022-12-20,0.07323208,0.07617863,0.07320884,0.07598924,0.0
2022-12-21,0.07597549,0.07599526,0.07400077,0.07513418,0.0
2022-12-22,0.07511992,0.07577881,0.07385388,0.07570998,0.0
2022-12-23,0.0757537,0.07619614,0.07520792,0.07536122,0.0
2022-12-24,0.07535447,0.07570074,0.07410809,0.07433324,0.0
2022-12-25,0.07432624,0.074521,0.07285411,0.07383388,0.0
2022-12-26,0.07379488,0.07526942,0.07367904,0.07515845,0.0
2022-12-27,0.0751627,0.07537322,0.07357848,0.07415639,0.0
2022-12-28,0.07415689,0.07450868,0.07127191,0.07167779,0.0
2022-12-29,0.07167829,0.07261187,0.07042266,0.07201377,0.0
2022-12-30,0.07203077,0.07237283,0.07094586,0.07236122,0.0
2022-12-31,0.07235947,0.07236972,0.07094182,0.07097548,0.0
2023-01-01,0.07099223,0.07268252,0.07064779,0.0724544,0.0
2023-01-02,0.07244915,0.07433585,0.07101683,0.07368979,0.0
2023-01-03,0.07369229,0.07437197,0.07277415,0.07362368,0.0
2023-01-04,0.07363043,0.07450496,0.07264352,0.07387058,0.0
2023-01-05,0.07387058,0.07430539,0.07245194,0.07293199,0.0
2023-01-06,0.07293249,0.075445,0.07187087,0.07513177,0.0
2023-01-07,0.07512927,0.07591252,0.07457982,0.07565513,0.0
2023-01-08,0.07566088,0.0774703,0.07456574,0.07722845,0.0
2023-01-09,0.07723556,0.08084401,0.0771491,0.07939177,0.0
2023-01-10,0.07939152,0.08027499,0.07814584,0.07952439,0.0
2023-01-11,0.07951914,0.08186508,0.07828378,0.08144035,0.0
2023-01-12,0.0814416,0.08248952,0.07871929,0.0815861,0.0
2023-01-13,0.0815896,0.08510905,0.08055049,0.08464886,0.0
2023-01-14,0.08464462,0.09059897,0.08455833,0.08733911,0.0
2023-01-15,0.08733161,0.08828071,0.08499893,0.0880291,0.0
2023-01-16,0.0880226,0.09053549,0.08607885,0.08777569,0.0
2023-01-17,0.0877837,0.08825305,0.08612478,0.08629246,0.0
2023-01-18,0.08628571,0.08897726,0.08192477,0.08255471,0.0
2023-01-19,0.08255296,0.0846191,0.08200304,0.08444958,0.0
2023-01-20,0.08444633,0.08902708,0.08332014,0.08897532,0.0
2023-01-21,0.08896782,0.09306386,0.08781943,0.09032903,0.0
2023-01-22,0.09037903,0.09365681,0.0896934,0.09104452,0.0
2023-01-23,0.09104402,0.09573985,0.09093331,0.09459319,0.0
2023-01-24,0.09459293,0.09611184,0.08985488,0.09051245,0.0
2023-01-25,0.0905117,0.09400855,0.08889728,0.09245852,0.0
2023-01-26,0.09246002,0.09307897,0.09045481,0.09198107,0.0
2023-01-27,0.09197932,0.09318999,0.08998554,0.09250835,0.0
2023-01-28,0.0925081,0.09412532,0.09175061,0.09285517,0.0
2023-01-29,0.09279759,0.09454867,0.0921999,0.09440439,0.0
2023-01-30,0.09440414,0.09479388,0.08857531,0.09002482,0.0
2023-01-31,0.09002857,0.09153473,0.08925128,0.09068777,0.0
2023-02-01,0.09068102,0.09248359,0.08745584,0.09230172,0.0
2023-02-02,0.09229325,0.09458699,0.09112864,0.09183585,0.0
2023-02-03,0.09182985,0.0932628,0.09138323,0.09291157,0.0
2023-02-04,0.09291882,0.09402982,0.09216935,0.09296462,0.0
2023-02-05,0.09294262,0.0937906,0.08981188,0.09103725,0.0
2023-02-06,0.0910355,0.09164862,0.08877377,0.08881112,0.0
2023-02-07,0.08881212,0.09212637,0.08871312,0.09204948,0.0
2023-02-08,0.09205473,0.09293244,0.08954982,0.09096057,0.0
2023-02-09,0.09096183,0.09132473,0.08473042,0.08560546,0.0
2023-02-10,0.08560796,0.08697652,0.08489331,0.08566345,0.0
2023-02-11,0.0856662,0.08675244,0.08521618,0.0862088,0.0
2023-02-12,0.0862173,0.08719968,0.08426877,0.085092,0.0
2023-02-13,0.085086,0.08567027,0.08211257,0.08516676,0.0
2023-02-14,0.08518176,0.08600998,0.08307136,0.08599112,0.0
2023-02-15,0.08598962,0.0902422,0.08477883,0.09022947,0.0
2023-02-16,0.09023102,0.09112226,0.08639935,0.08640135,0.0
2023-02-17,0.08641335,0.09083248,0.08594482,0.0907582,0.0
2023-02-18,0.0907497,0.09324973,0.08973148,0.09182943,0.0
2023-02-19,0.09183543,0.09359078,0.09002415,0.09060352,0.0
2023-02-20,0.09061726,0.09492555,0.08881299,0.09440958,0.0
2023-02-21,0.09440608,0.09787349,0.09347731,0.09483724,0.0
2023-02-22,0.09485174,0.09504796,0.09036187,0.09237056,0.0
2023-02-23,0.09237006,0.09315856,0.09029668,0.09097984,0.0
2023-02-24,0.09097959,0.09162643,0.08773392,0.08908867,0.0
2023-02-25,0.08909017,0.08957015,0.0865974,0.08799557,0.0
2023-02-26,0.08800432,0.08904958,0.0871378,0.08896404,0.0
2023-02-27,0.08896379,0.08937462,0.08707319,0.08830549,0.0
2023-02-28,0.08830674,0.08851086,0.08589007,0.08708914,0.0
2023-03-01,0.08709239,0.08865256,0.08668712,0.08806899,0.0
2023-03-02,0.08808174,0.08821353,0.08622086,0.08749003,0.0
2023-03-03,0.08748728,0.08765806,0.08263908,0.08562269,0.0
2023-03-04,0.08568878,0.08591701,0.0819909,0.08367051,0.0
2023-03-05,0.08364576,0.08442136,0.08237827,0.08267868,0.0
2023-03-06,0.08267568,0.08359472,0.0817816,0.08352149,0.0
2023-03-07,0.08351849,0.08420159,0.08167385,0.08276103,0.0
2023-03-08,0.08276303,0.08444868,0.08061308,0.08170922,0.0
2023-03-09,0.08169778,0.08225544,0.07598457,0.07711937,0.0
2023-03-10,0.07711337,0.07870282,0.07463415,0.07836717,0.0
2023-03-11,0.07836092,0.08005115,0.07567062,0.07948936,0.0
2023-03-12,0.07948936,0.08329766,0.07903859,0.08306421,0.0
2023-03-13,0.08300446,0.08563272,0.08050156,0.08478747,0.0
2023-03-14,0.08478197,0.0901632,0.08380521,0.08847419,0.0
2023-03-15,0.08847944,0.0890034,0.08299804,0.08395382,0.0
2023-03-16,0.08396507,0.08543701,0.08359224,0.08473612,0.0
2023-03-17,0.08471012,0.08818987,0.08397575,0.08811288,0.0
2023-03-18,0.08810813,0.08887391,0.08521749,0.08563497,0.0
2023-03-19,0.08564247,0.08926092,0.08562722,0.08789833,0.0
2023-03-20,0.08789833,0.0897435,0.08642919,0.08654038,0.0
2023-03-21,0.08653288,0.09984277,0.0858569,0.096496,0.0
2023-03-22,0.096495,0.09728552,0.08858925,0.09098554,0.0
2023-03-23,0.09098579,0.09377237,0.09005398,0.09265383,0.0
2023-03-24,0.09265083,0.09273472,0.08737915,0.08885397,0.0
2023-03-25,0.08878599,0.09306543,0.08854134,0.09072699,0.0
2023-03-26,0.09072774,0.09249848,0.09060231,0.09196278,0.0
2023-03-27,0.09196407,0.09511208,0.08964459,0.09262906,0.0
2023-03-28,0.09259481,0.09812988,0.09101413,0.09770629,0.0
2023-03-29,0.09770754,0.10732196,0.09769954,0.1016453,0.0
2023-03-30,0.1016478,0.10694366,0.0997707,0.10630592,0.0
2023-03-31,0.10630292,0.11298923,0.1051671,0.11216646,0.0
2023-04-01,0.11216096,0.11431106,0.10771886,0.10824263,0.0
2023-04-02,0.10823313,0.11108816,0.1058386,0.10663932,0.0
2023-04-03,0.10664107,0.11180349,0.10498145,0.10658077,0.0
2023-04-04,0.10656552,0.10700697,0.10454602,0.10610374,0.0
2023-04-05,0.10610474,0.1087772,0.10530519,0.10731711,0.0
2023-04-06,0.10732661,0.10734936,0.10408822,0.10587374,0.0
2023-04-07,0.10585376,0.10653121,0.1042376,0.10641669,0.0
2023-04-08,0.10641794,0.10659262,0.10393068,0.10439609,0.0
2023-04-09,0.10439534,0.10549197,0.10279323,0.10486776,0.0
2023-04-10,0.10486251,0.10591734,0.10253776,0.1056479,0.0
2023-04-11,0.1056459,0.10732906,0.10487378,0.10507481,0.0
2023-04-12,0.1050718,0.1052671,0.10251779,0.10363655,0.0
2023-04-13,0.1036538,0.10587396,0.10328595,0.1054351,0.0
2023-04-14,0.1054396,0.10911814,0.1053525,0.10701373,0.0
2023-04-15,0.10701373,0.10760296,0.10585914,0.10654112,0.0
2023-04-16,0.10653912,0.10796045,0.1055386,0.10745465,0.0
2023-04-17,0.1074589,0.1076024,0.10103804,0.10405041,0.0
2023-04-18,0.10405816,0.1062376,0.10361328,0.10564412,0.0
2023-04-19,0.10563937,0.10607122,0.09576174,0.09757929,0.0
2023-04-20,0.09757479,0.09851781,0.09428091,0.09578049,0.0
2023-04-21,0.09576474,0.09668255,0.09215408,0.0929673,0.0
2023-04-22,0.09296057,0.09565644,0.0920536,0.09561775,0.0
2023-04-23,0.095629,0.09563383,0.09283044,0.09459288,0.0
2023-04-24,0.09460538,0.09606439,0.09205272,0.09334427,0.0
2023-04-25,0.09335052,0.09507567,0.09216949,0.09498722,0.0
2023-04-26,0.09499622,0.09692483,0.09060569,0.0935719,0.0
2023-04-27,0.09358191,0.0949131,0.09264857,0.09437939,0.0
2023-04-28,0.09437964,0.09586514,0.09365755,0.09487199,0.0
2023-04-29,0.09486224,0.09584469,0.09409816,0.09577117,0.0
2023-04-30,0.09577091,0.09592999,0.09411516,0.09444932,0.0
2023-05-01,0.09444907,0.09465507,0.09176387,0.0926767,0.0
2023-05-02,0.0926787,0.09381856,0.0918753,0.0936018,0.0
2023-05-03,0.0936018,0.09385178,0.09181614,0.09358925,0.0
2023-05-04,0.093592,0.09418228,0.09276006,0.09358667,0.0
2023-05-05,0.09358617,0.09459927,0.09237582,0.09445629,0.0
2023-05-06,0.09445154,0.09485172,0.09179554,0.09257934,0.0
2023-05-07,0.09257334,0.09327969,0.09197289,0.09206824,0.0
2023-05-08,0.09205649,0.09252449,0.08770466,0.08964769,0.0
2023-05-09,0.08964744,0.08964744,0.08836773,0.08919611,0.0
2023-05-10,0.08918136,0.08991759,0.08705479,0.08916454,0.0
2023-05-11,0.08916329,0.08999816,0.08681904,0.08952064,0.0
2023-05-12,0.08943725,0.09009724,0.08730784,0.08912753,0.0
2023-05-13,0.08912853,0.08934419,0.08819782,0.08825401,0.0
2023-05-14,0.08826751,0.08877147,0.08764584,0.08875621,0.0
2023-05-15,0.08875221,0.08932784,0.08796328,0.08807395,0.0
2023-05-16,0.08807545,0.08870775,0.08683454,0.08805131,0.0
2023-05-17,0.08805056,0.08901018,0.08741551,0.08862324,0.0
2023-05-18,0.08862249,0.08995232,0.08760413,0.0887285,0.0
2023-05-19,0.088723,0.08959347,0.08841272,0.08921339,0.0
2023-05-20,0.08921514,0.08937248,0.0881879,0.08872942,0.0
2023-05-21,0.08873117,0.08916583,0.08782684,0.0881337,0.0
2023-05-22,0.0881282,0.088629,0.08745611,0.08806093,0.0
2023-05-23,0.08807367,0.08908263,0.08780015,0.08824339,0.0
2023-05-24,0.08824039,0.08832693,0.08563651,0.08656429,0.0
2023-05-25,0.08656879,0.08711625,0.08571759,0.08705056,0.0
2023-05-26,0.08705331,0.08825809,0.08677196,0.08777907,0.0
2023-05-27,0.08777582,0.08993102,0.08747406,0.08817099,0.0
2023-05-28,0.08817074,0.08898631,0.08788488,0.0887632,0.0
2023-05-29,0.08876345,0.08945878,0.08847479,0.08929639,0.0
2023-05-30,0.08929239,0.09114181,0.08884017,0.09089861,0.0
2023-05-31,0.09089536,0.09302087,0.08945101,0.09261118,0.0
2023-06-01,0.0926211,0.09288095,0.09089753,0.09116476,0.0
2023-06-02,0.09116701,0.09243767,0.09075426,0.09199915,0.0
2023-06-03,0.0919944,0.093329,0.09162413,0.09192675,0.0
2023-06-04,0.091928,0.09284966,0.09133356,0.09133638,0.0
2023-06-05,0.09136188,0.09181326,0.08543534,0.08794014,0.0
2023-06-06,0.08794289,0.08975599,0.08662349,0.08968371,0.0
2023-06-07,0.08968496,0.08989255,0.08683121,0.08751326,0.0
2023-06-08,0.08749376,0.08801141,0.08675901,0.08704669,0.0
2023-06-09,0.08704944,0.08906434,0.08662747,0.0889895,0.0
2023-06-10,0.08898455,0.08906575,0.07925294,0.08226585,0.0
2023-06-11,0.08219985,0.08454961,0.0811667,0.08357002,0.0
2023-06-12,0.0836331,0.08364485,0.08197594,0.08308992,0.0
2023-06-13,0.08308567,0.08626293,0.08231299,0.08250634,0.0
2023-06-14,0.08251184,0.08298228,0.07766734,0.07930928,0.0
2023-06-15,0.07930603,0.07962787,0.07524231,0.07640219,0.0
2023-06-16,0.07639968,0.07884314,0.07595822,0.07739085,0.0
2023-06-17,0.0773861,0.08045274,0.07692184,0.07967079,0.0
2023-06-18,0.07967029,0.0809804,0.07917252,0.07952433,0.0
2023-06-19,0.07951958,0.08049225,0.07918204,0.07999336,0.0
2023-06-20,0.0799636,0.08316946,0.07827365,0.08284559,0.0
2023-06-21,0.08283834,0.08734554,0.08238866,0.08674552,0.0
2023-06-22,0.08674252,0.08929733,0.08587546,0.08686127,0.0
2023-06-23,0.08678705,0.09015639,0.08672915,0.08949838,0.0
2023-06-24,0.08950313,0.09125815,0.08873615,0.09061714,0.0
2023-06-25,0.09061289,0.09245394,0.0903838,0.09157905,0.0
2023-06-26,0.0915793,0.09272985,0.09054458,0.09208133,0.0
2023-06-27,0.09207933,0.10334739,0.09207508,0.10263444,0.0
2023-06-28,0.10252868,0.10580375,0.09891755,0.10042519,0.0
2023-06-29,0.10043219,0.10461884,0.10038589,0.10228385,0.0
2023-06-30,0.10228235,0.11786008,0.10142566,0.11068555,0.0
2023-07-01,0.1106748,0.11164252,0.10582411,0.1074558,0.0
2023-07-02,0.10746155,0.10794835,0.10463582,0.10730917,0.0
2023-07-03,0.10731092,0.10941419,0.10489433,0.10566283,0.0
2023-07-04,0.10564833,0.10646972,0.10296296,0.10349008,0.0
2023-07-05,0.10349933,0.10453115,0.09947388,0.10060004,0.0
2023-07-06,0.10059929,0.10219129,0.09588813,0.09594537,0.0
2023-07-07,0.09593162,0.09741399,0.0949894,0.09717111,0.0
2023-07-08,0.09715962,0.10020014,0.09656918,0.09967518,0.0
2023-07-09,0.09966943,0.09998565,0.09852335,0.09912478,0.0
2023-07-10,0.09912478,0.10052938,0.09720263,0.09979101,0.0
2023-07-11,0.09978876,0.10091214,0.09836772,0.09844518,0.0
2023-07-12,0.09844768,0.09848383,0.09533679,0.09626938,0.0
2023-07-13,0.09626738,0.19539292,0.09533797,0.15557057,0.0
2023-07-14,0.15562233,0.15764602,0.12607662,0.13506197,0.0
2023-07-15,0.13507272,0.13546842,0.12717606,0.12790713,0.0
2023-07-16,0.12791212,0.13867869,0.12504441,0.13163802,0.0
2023-07-17,0.13160827,0.13452257,0.12460624,0.12906764,0.0
2023-07-18,0.12906814,0.13349539,0.12518846,0.13258568,0.0
2023-07-19,0.13258018,0.16743229,0.13145204,0.15645419,0.0
2023-07-20,0.15646369,0.18039768,0.15492198,0.16317046,0.0
2023-07-21,0.1632002,0.17098579,0.15362765,0.15702487,0.0
2023-07-22,0.15711437,0.16848074,0.15503015,0.15573024,0.0
2023-07-23,0.15571249,0.16096561,0.15232666,0.1559733,0.0
2023-07-24,0.15595954,0.15603894,0.14430213,0.14577539,0.0
2023-07-25,0.14576464,0.14985634,0.14127738,0.14492187,0.0
2023-07-26,0.14492837,0.16271632,0.14033945,0.15580374,0.0
2023-07-27,0.15580024,0.16357862,0.15353345,0.15921898,0.0
2023-07-28,0.15921748,0.1708555,0.15796561,0.15989585,0.0
2023-07-29,0.15987935,0.16119438,0.157691,0.15845317,0.0
2023-07-30,0.15849167,0.16191404,0.15268097,0.15658048,0.0
2023-07-31,0.1565803,0.15775674,0.14878199,0.15020572,0.0
2023-08-01,0.15022179,0.15356555,0.14505309,0.15356005,0.0
2023-08-02,0.15355755,0.15447954,0.14337236,0.14394313,0.0
2023-08-03,0.14394338,0.14561144,0.13826132,0.13902434,0.0
2023-08-04,0.13900759,0.1417525,0.13600084,0.13623675,0.0
2023-08-05,0.13622099,0.13910225,0.133314,0.1390455,0.0
2023-08-06,0.139039,0.14494604,0.13850301,0.13916831,0.0
2023-08-07,0.13918556,0.14333872,0.13712072,0.14281985,0.0
2023-08-08,0.14282009,0.14371851,0.13840792,0.14288704,0.0
2023-08-09,0.14289879,0.14596797,0.13970888,0.1415527,0.0
2023-08-10,0.1415542,0.14166904,0.13829002,0.13886239,0.0
2023-08-11,0.13884789,0.14117923,0.13818467,0.13951986,0.0
2023-08-12,0.13950586,0.14029587,0.13684198,0.13780173,0.0
2023-08-13,0.13778523,0.14058415,0.13740264,0.13786827,0.0
2023-08-14,0.13783427,0.13827298,0.1345024,0.13603519,0.0
2023-08-15,0.13602369,0.13633947,0.12350944,0.13031447,0.0
2023-08-16,0.13029897,0.13265369,0.12331227,0.12652165,0.0
2023-08-17,0.12650815,0.12738458,0.10696191,0.11325788,0.0
2023-08-18,0.11325513,0.11825868,0.11120185,0.11661485,0.0
2023-08-19,0.11655829,0.12529503,0.11654004,0.12375564,0.0
2023-08-20,0.12381189,0.13273445,0.12263135,0.12963351,0.0
2023-08-21,0.1296405,0.1302861,0.12211222,0.12474844,0.0
2023-08-22,0.12476193,0.12487196,0.11745021,0.12066545,0.0
2023-08-23,0.1206687,0.12900995,0.1197883,0.12749028,0.0
2023-08-24,0.12747978,0.12878078,0.12170965,0.12387334,0.0
2023-08-25,0.12386409,0.12495256,0.12072181,0.12383961,0.0
2023-08-26,0.12385886,0.12458324,0.12055235,0.1211015,0.0
2023-08-27,0.12109825,0.12228142,0.11948252,0.12092619,0.0
2023-08-28,0.12092969,0.1211456,0.11863485,0.11984437,0.0
2023-08-29,0.11985037,0.12832796,0.11681598,0.12431497,0.0
2023-08-30,0.12432272,0.12447837,0.12022841,0.12040322,0.0
2023-08-31,0.12039937,0.12094347,0.11348962,0.11482722,0.0
2023-09-01,0.11478097,0.11735278,0.1127741,0.11408868,0.0
2023-09-02,0.11407668,0.11435454,0.11146909,0.11348472,0.0
2023-09-03,0.11348522,0.12060418,0.11303847,0.11877002,0.0
2023-09-04,0.11878652,0.12645172,0.11853556,0.12442227,0.0
2023-09-05,0.12442802,0.1296182,0.12143491,0.12240741,0.0
2023-09-06,0.12238741,0.12420345,0.11747499,0.12386934,0.0
2023-09-07,0.12387705,0.12557622,0.12182355,0.12549464,0.0
2023-09-08,0.12558288,0.12747144,0.12227442,0.1269668,0.0
2023-09-09,0.12689703,0.13300822,0.12609672,0.13167948,0.0
2023-09-10,0.13165623,0.13449206,0.12725433,0.13371659,0.0
2023-09-11,0.13371709,0.13451098,0.12429771,0.12853659,0.0
2023-09-12,0.12852844,0.13196753,0.12037018,0.12116546,0.0
2023-09-13,0.12117015,0.12240333,0.11937145,0.12076466,0.0
2023-09-14,0.12076716,0.12172007,0.11820225,0.12021934,0.0
2023-09-15,0.12023259,0.12191168,0.11760966,0.12033343,0.0
2023-09-16,0.1203537,0.12125138,0.11804861,0.11929457,0.0
2023-09-17,0.11923273,0.11946235,0.11539344,0.11610213,0.0
2023-09-18,0.11619984,0.11940275,0.11531702,0.1180143,0.0
2023-09-19,0.1179823,0.12014224,0.1173849,0.11848244,0.0
2023-09-20,0.11848769,0.119225,0.11625189,0.11680903,0.0
2023-09-21,0.11680378,0.11692463,0.11166519,0.11383504,0.0
2023-09-22,0.11381154,0.1155252,0.11348646,0.11464685,0.0
2023-09-23,0.11460985,0.11529744,0.11304122,0.11417275,0.0
2023-09-24,0.114173,0.114173,0.11201764,0.11216777,0.0
2023-09-25,0.11216227,0.11329075,0.11093113,0.11300843,0.0
2023-09-26,0.11298443,0.1130714,0.1109198,0.11183666,0.0
2023-09-27,0.11190135,0.11443372,0.11134216,0.11250173,0.0
2023-09-28,0.11251248,0.1144425,0.1121803,0.11417759,0.0
2023-09-29,0.11417584,0.11871653,0.11244687,0.11246864,0.0
2023-09-30,0.11248364,0.11283752,0.11098739,0.11234841,0.0
2023-10-01,0.11232766,0.11461377,0.1119145,0.11441411,0.0
2023-10-02,0.11435588,0.11498645,0.1104358,0.11175472,0.0
2023-10-03,0.11175572,0.11650822,0.11001408,0.11472705,0.0
2023-10-04,0.1147253,0.11527704,0.11113347,0.11259797,0.0
2023-10-05,0.11258647,0.11259372,0.11037057,0.11067575,0.0
2023-10-06,0.1106665,0.11238067,0.10961416,0.11180475,0.0
2023-10-07,0.1118155,0.1121217,0.11054187,0.11116943,0.0
2023-10-08,0.11117368,0.11152624,0.11031625,0.11075359,0.0
2023-10-09,0.11075759,0.11108602,0.10461185,0.10608941,0.0
2023-10-10,0.10608691,0.10613224,0.10343792,0.10427177,0.0
2023-10-11,0.10425127,0.10499854,0.1017768,0.10323628,0.0
2023-10-12,0.10322753,0.10332046,0.10114101,0.10250825,0.0
2023-10-13,0.1025085,0.10352205,0.10209908,0.10295616,0.0
2023-10-14,0.10299516,0.10441643,0.10288282,0.10435467,0.0
2023-10-15,0.10434692,0.10636462,0.10404361,0.10630004,0.0
2023-10-16,0.10630904,0.11109187,0.10609812,0.10740241,0.0
2023-10-17,0.10740591,0.10756588,0.10292791,0.10307097,0.0
2023-10-18,0.10300897,0.10462576,0.10263474,0.10328568,0.0
2023-10-19,0.10328444,0.10773307,0.10232699,0.10741439,0.0
2023-10-20,0.10739564,0.10992943,0.1064118,0.10757128,0.0
2023-10-21,0.10757003,0.11259175,0.10741965,0.11073929,0.0
2023-10-22,0.11074329,0.11207774,0.10776413,0.11089541,0.0
2023-10-23,0.11089891,0.11611005,0.10983856,0.11597117,0.0
2023-10-24,0.11597492,0.12036171,0.11252796,0.1143116,0.0
2023-10-25,0.11432085,0.11565701,0.11232264,0.1143764,0.0
2023-10-26,0.1143619,0.11678084,0.11077447,0.11313703,0.0
2023-10-27,0.11312778,0.11358855,0.11016772,0.11191673,0.0
2023-10-28,0.11194573,0.11430592,0.11187907,0.11407217,0.0
2023-10-29,0.11406367,0.11686918,0.1126044,0.11569658,0.0
2023-10-30,0.11573658,0.1199735,0.11473259,0.11902507,0.0
2023-10-31,0.11902657,0.12483989,0.11575155,0.12127889,0.0
2023-11-01,0.12129139,0.12298057,0.11759379,0.12247524,0.0
2023-11-02,0.12247024,0.12358603,0.11744693,0.11966221,0.0
2023-11-03,0.11964283,0.12436688,0.11618443,0.12256097,0.0
2023-11-04,0.12256577,0.12426307,0.12124241,0.12364296,0.0
2023-11-05,0.12362446,0.12831461,0.12298708,0.12573021,0.0
2023-11-06,0.12562286,0.134883,0.12527178,0.1310785,0.0
2023-11-07,0.131058,0.1310668,0.122368,0.12665723,0.0
2023-11-08,0.12666448,0.12890346,0.12554666,0.1276918,0.0
2023-11-09,0.1277168,0.13043433,0.11437783,0.12302447,0.0
2023-11-10,0.12300582,0.1243996,0.12007083,0.12382579,0.0
2023-11-11,0.12379997,0.12729824,0.12067985,0.12509453,0.0
2023-11-12,0.12509341,0.1266428,0.12175141,0.12440538,0.0
2023-11-13,0.12439838,0.13734283,0.11992932,0.12233104,0.0
2023-11-14,0.12232679,0.12256339,0.11573046,0.11785723,0.0
2023-11-15,0.11788148,0.12187212,0.11696633,0.12161495,0.0
2023-11-16,0.1216177,0.12320878,0.11689889,0.11844623,0.0
2023-11-17,0.11844594,0.12040396,0.11431483,0.11836157,0.0
2023-11-18,0.11836571,0.11944323,0.11445907,0.11929619,0.0
2023-11-19,0.11927951,0.12136464,0.11760831,0.12113259,0.0
2023-11-20,0.12112508,0.12186466,0.11806447,0.11976177,0.0
2023-11-21,0.11976227,0.120395,0.11253906,0.11351594,0.0
2023-11-22,0.11351594,0.11843762,0.11328552,0.11820737,0.0
2023-11-23,0.11819361,0.11881362,0.11545191,0.11724187,0.0
2023-11-24,0.11724187,0.11905441,0.116725,0.11792332,0.0
2023-11-25,0.11792165,0.12152865,0.11752714,0.12113116,0.0
2023-11-26,0.12112652,0.12339733,0.11907356,0.11992574,0.0
2023-11-27,0.11992332,0.12071678,0.11470215,0.11655906,0.0
2023-11-28,0.11656233,0.11880048,0.11497552,0.11850596,0.0
2023-11-29,0.11850596,0.12012603,0.11810334,0.11858935,0.0
2023-11-30,0.11858935,0.1197118,0.11793009,0.11832567,0.0
2023-12-01,0.11832567,0.11997437,0.11783775,0.11980903,0.0
2023-12-02,0.11980403,0.12176635,0.11936851,0.12163364,0.0
2023-12-03,0.12163364,0.12324109,0.12086582,0.1220239,0.0
2023-12-04,0.1220239,0.12538427,0.11945961,0.12223497,0.0
2023-12-05,0.12223068,0.12298913,0.11964695,0.12242217,0.0
2023-12-06,0.12242217,0.12586227,0.12093767,0.12547037,0.0
2023-12-07,0.12547037,0.12737678,0.12280702,0.12617691,0.0
2023-12-08,0.12617357,0.13329314,0.12587553,0.13233515,0.0
2023-12-09,0.13233765,0.13824633,0.13153188,0.13365222,0.0
2023-12-10,0.13365222,0.13691442,0.13162749,0.13332086,0.0
2023-12-11,0.13331586,0.13466622,0.11971384,0.12345526,0.0
2023-12-12,0.12345526,0.12538431,0.12077906,0.12305852,0.0
2023-12-13,0.1230525,0.12563671,0.11830493,0.12478044,0.0
2023-12-14,0.12478044,0.12821663,0.1228633,0.12759105,0.0
2023-12-15,0.1276044,0.12811615,0.12260555,0.12297279,0.0
2023-12-16,0.12296691,0.12616066,0.12141749,0.12474835,0.0
2023-12-17,0.12474835,0.12491517,0.12182498,0.12202253,0.0
2023-12-18,0.12202253,0.12238302,0.11622231,0.12118116,0.0
2023-12-19,0.12118197,0.12244226,0.11868325,0.11946183,0.0
2023-12-20,0.11946183,0.12285418,0.11872306,0.12194772,0.0
2023-12-21,0.12194915,0.12462695,0.12117167,0.12462695,0.0
2023-12-22,0.1246255,0.12671419,0.12318271,0.12661772,0.0
2023-12-23,0.12661772,0.12709979,0.12381108,0.12670082,0.0
2023-12-24,0.12670749,0.12794244,0.12447779,0.12596258,0.0
2023-12-25,0.12596003,0.13174843,0.12516094,0.13108742,0.0
2023-12-26,0.13108742,0.13119545,0.12133924,0.12607246,0.0
2023-12-27,0.12604807,0.13358167,0.12381719,0.13075078,0.0
2023-12-28,0.130751,0.13576337,0.12960905,0.13214883,0.0
2023-12-29,0.13216134,0.13253895,0.12700542,0.12966324,0.0
2023-12-30,0.12967296,0.13834439,0.12912702,0.13243732,0.0
2023-12-31,0.13241867,0.13337861,0.12722292,0.12901769,0.0
2024-01-01,0.12901764,0.13235768,0.12720909,0.1318994,0.0
2024-01-02,0.1318994,0.13330856,0.12856404,0.12915027,0.0
2024-01-03,0.12915027,0.13292635,0.11189018,0.12053461,0.0
2024-01-04,0.12053032,0.1220893,0.11926463,0.1216321,0.0
2024-01-05,0.1216321,0.12200595,0.11438349,0.11922643,0.0
2024-01-06,0.1192262,0.1206666,0.11589097,0.12013942,0.0
2024-01-07,0.12013963,0.12053234,0.11456543,0.11526365,0.0
2024-01-08,0.11526365,0.12014619,0.11242859,0.11960611,0.0
2024-01-09,0.11960688,0.12039164,0.11397795,0.11666231,0.0
2024-01-10,0.11665008,0.12231945,0.11314152,0.12083024,0.0
2024-01-11,0.12083282,0.12613246,0.12036797,0.1235251,0.0
2024-01-12,0.12352098,0.1254016,0.11644923,0.11901011,0.0
2024-01-13,0.11900866,0.12053213,0.11735413,0.12005848,0.0
2024-01-14,0.12005848,0.12080735,0.11789148,0.11809069,0.0
2024-01-15,0.11809069,0.12072582,0.11772553,0.11810462,0.0
2024-01-16,0.11810263,0.11920684,0.11656069,0.11843607,0.0
2024-01-17,0.11844003,0.11931622,0.11696269,0.11876646,0.0
2024-01-18,0.11876246,0.11880979,0.11269426,0.11417016,0.0
2024-01-19,0.11417016,0.11477266,0.10885657,0.11383672,0.0
2024-01-20,0.11383507,0.11549788,0.1130028,0.11539409,0.0
2024-01-21,0.11539409,0.11662194,0.11512654,0.1155594,0.0
2024-01-22,0.1155594,0.11604619,0.11168219,0.11262896,0.0
2024-01-23,0.11262896,0.11417033,0.10699674,0.11153823,0.0
2024-01-24,0.11155072,0.11270613,0.11050185,0.11258045,0.0
2024-01-25,0.1125933,0.11265605,0.11040747,0.11175321,0.0
2024-01-26,0.11175321,0.1166839,0.11157979,0.11577397,0.0
2024-01-27,0.11575998,0.11705694,0.11522571,0.11626618,0.0
2024-01-28,0.11626618,0.11658633,0.11297816,0.11371411,0.0
2024-01-29,0.11371411,0.11648095,0.1131763,0.11647518,0.0
2024-01-30,0.11647518,0.11689383,0.11247814,0.11279168,0.0
2024-01-31,0.11279168,0.11366747,0.1089102,0.1099104,0.0
2024-02-01,0.10990873,0.11076226,0.10795054,0.10983312,0.0
2024-02-02,0.10983312,0.11095393,0.10896621,0.11034309,0.0
2024-02-03,0.11034864,0.11247158,0.10935144,0.11094084,0.0
2024-02-04,0.11093993,0.11127804,0.10845109,0.10925055,0.0
2024-02-05,0.10925222,0.10985055,0.10769177,0.10848602,0.0
2024-02-06,0.10847031,0.10896144,0.10724987,0.10808593,0.0
2024-02-07,0.10808356,0.1091727,0.10692647,0.10908233,0.0
2024-02-08,0.10908376,0.11013194,0.10869669,0.10977456,0.0
2024-02-09,0.10977456,0.11226258,0.10977418,0.11202795,0.0
2024-02-10,0.11202795,0.11299946,0.11068041,0.11169413,0.0
2024-02-11,0.111694,0.11309666,0.11066792,0.11128584,0.0
2024-02-12,0.11128834,0.11330551,0.10963331,0.1131316,0.0
2024-02-13,0.1131356,0.11441763,0.10972095,0.11102468,0.0
2024-02-14,0.11102468,0.11466101,0.11024543,0.11443352,0.0
2024-02-15,0.11443352,0.11751051,0.11400672,0.11679765,0.0
2024-02-16,0.11679765,0.11831836,0.11415156,0.11553274,0.0
2024-02-17,0.11553274,0.11597316,0.1118226,0.11418131,0.0
2024-02-18,0.11418131,0.11664038,0.11348093,0.11595941,0.0
2024-02-19,0.11595941,0.11910093,0.11572103,0.11840984,0.0
2024-02-20,0.11841084,0.12103622,0.11425979,0.11764833,0.0
2024-02-21,0.11764833,0.11792491,0.11093779,0.11436162,0.0
2024-02-22,0.11436162,0.11757338,0.1133204,0.11539167,0.0
2024-02-23,0.11539167,0.11634625,0.11297281,0.11469071,0.0
2024-02-24,0.11470059,0.11740275,0.11366618,0.11642628,0.0
2024-02-25,0.11640961,0.1169784,0.11548711,0.11655705,0.0
2024-02-26,0.11655705,0.11809549,0.11407483,0.11796949,0.0
2024-02-27,0.11796949,0.12355943,0.11718031,0.12299135,0.0
2024-02-28,0.12299135,0.12512096,0.11557221,0.12101807,0.0
2024-02-29,0.12101444,0.12830829,0.11919384,0.12212627,0.0
2024-03-01,0.12212627,0.12742324,0.12212472,0.12714825,0.0
2024-03-02,0.12713587,0.13846381,0.12690089,0.13838829,0.0
2024-03-03,0.13838585,0.13999344,0.12846126,0.13583126,0.0
2024-03-04,0.13581885,0.1590144,0.1339277,0.14592039,0.0
2024-03-05,0.14591664,0.15325417,0.11825139,0.13239397,0.0
2024-03-06,0.13238952,0.13877567,0.12810987,0.13866974,0.0
2024-03-07,0.13867002,0.14354741,0.13763083,0.14203632,0.0
2024-03-08,0.1420678,0.14567752,0.13702634,0.14178476,0.0
2024-03-09,0.14178948,0.1439809,0.14031859,0.14249797,0.0
2024-03-10,0.14249513,0.14507071,0.1371217,0.14003997,0.0
2024-03-11,0.14003997,0.16276258,0.13469858,0.15772296,0.0
2024-03-12,0.15773011,0.15945088,0.14254505,0.1493451,0.0
2024-03-13,0.14934602,0.1535998,0.1464866,0.1508301,0.0
2024-03-14,0.15083397,0.1525102,0.13794438,0.1445894,0.0
2024-03-15,0.14459226,0.14547062,0.12726567,0.13690344,0.0
2024-03-16,0.13690344,0.14304287,0.12667466,0.1292959,0.0
2024-03-17,0.12929145,0.13309115,0.12416789,0.13207958,0.0
2024-03-18,0.13207958,0.13755849,0.12489449,0.13481785,0.0
2024-03-19,0.1348368,0.13486559,0.11867568,0.12075627,0.0
2024-03-20,0.12075004,0.13126351,0.1171846,0.13069618,0.0
2024-03-21,0.13071283,0.13540777,0.12782689,0.13339408,0.0
2024-03-22,0.13338852,0.13414891,0.12547548,0.12821696,0.0
2024-03-23,0.12824263,0.13652995,0.127745,0.13267094,0.0
2024-03-24,0.1327172,0.13539834,0.13178062,0.13509815,0.0
2024-03-25,0.13507847,0.13941807,0.13410061,0.13668528,0.0
2024-03-26,0.13668528,0.13999929,0.13562598,0.13822073,0.0
2024-03-27,0.13821317,0.13976785,0.13221089,0.13371677,0.0
2024-03-28,0.13371987,0.13877851,0.13256852,0.13792378,0.0
2024-03-29,0.13792578,0.14649366,0.13720779,0.14277531,0.0
2024-03-30,0.14277531,0.14355831,0.13816591,0.13918366,0.0
2024-03-31,0.13918263,0.14134535,0.13847119,0.14125471,0.0
2024-04-01,0.14125471,0.14257898,0.13224267,0.13551726,0.0
2024-04-02,0.13552454,0.13597156,0.12727186,0.12866196,0.0
2024-04-03,0.12866196,0.13079814,0.1243286,0.12628306,0.0
2024-04-04,0.12628305,0.13187916,0.12431244,0.12892368,0.0
2024-04-05,0.12892198,0.12964962,0.12418491,0.12753999,0.0
2024-04-06,0.1275392,0.12985454,0.12698255,0.12914656,0.0
2024-04-07,0.12914656,0.13037793,0.12802278,0.12933623,0.0
2024-04-08,0.12933623,0.1343906,0.12761507,0.13344589,0.0
2024-04-09,0.13344589,0.13684013,0.13062391,0.13211871,0.0
2024-04-10,0.13209805,0.13215212,0.12550752,0.12965013,0.0
2024-04-11,0.12964886,0.13140051,0.12824881,0.13022411,0.0
2024-04-12,0.13022411,0.13117909,0.10313896,0.11506812,0.0
2024-04-13,0.11506812,0.11553935,0.09166943,0.10534099,0.0
2024-04-14,0.10534099,0.11154133,0.10182203,0.11073164,0.0
2024-04-15,0.11071762,0.11405507,0.10392489,0.1077651,0.0
2024-04-16,0.107756,0.11004741,0.10413037,0.10962018,0.0
2024-04-17,0.10962018,0.11012838,0.10484501,0.10758231,0.0
2024-04-18,0.10758231,0.11104097,0.10510983,0.11042781,0.0
2024-04-19,0.11043473,0.11362091,0.10361129,0.11176701,0.0
2024-04-20,0.11176757,0.11691619,0.11084146,0.11601626,0.0
2024-04-21,0.11601968,0.11659713,0.11257317,0.11390871,0.0
2024-04-22,0.11390461,0.11911239,0.11358366,0.11820728,0.0
2024-04-23,0.11820728,0.11879823,0.11552913,0.1174142,0.0
2024-04-24,0.11741805,0.12031012,0.11331671,0.11445691,0.0
2024-04-25,0.1144469,0.11553591,0.11144904,0.11373284,0.0
2024-04-26,0.11373284,0.11512951,0.1119157,0.11399624,0.0
2024-04-27,0.11399391,0.1148336,0.11100461,0.11441713,0.0
2024-04-28,0.11441713,0.11592645,0.11190975,0.11220693,0.0
2024-04-29,0.11220693,0.11365968,0.10972062,0.11198663,0.0
2024-04-30,0.11198663,0.11281396,0.10459449,0.10770596,0.0
2024-05-01,0.10770419,0.11114035,0.10303014,0.11104499,0.0
2024-05-02,0.11104775,0.11127465,0.10688933,0.11011073,0.0
2024-05-03,0.11011295,0.11256877,0.10884636,0.11174663,0.0
2024-05-04,0.11176089,0.11265066,0.11074971,0.11095515,0.0
2024-05-05,0.11095465,0.11131613,0.10931665,0.11092408,0.0
2024-05-06,0.11092408,0.11367533,0.10921782,0.10975411,0.0
2024-05-07,0.10974982,0.11079222,0.10786869,0.10803932,0.0
2024-05-08,0.10803932,0.10982514,0.10686695,0.10730441,0.0
2024-05-09,0.10730941,0.10871239,0.10587063,0.10848034,0.0
2024-05-10,0.10848067,0.10974012,0.10534646,0.10624104,0.0
2024-05-11,0.10624104,0.10706502,0.10543131,0.10585593,0.0
2024-05-12,0.1058545,0.10626797,0.10390276,0.10469828,0.0
2024-05-13,0.10469971,0.10583673,0.101006,0.1039426,0.0
2024-05-14,0.10393594,0.10446785,0.1016715,0.10187224,0.0
2024-05-15,0.10187195,0.10714462,0.10153131,0.10671861,0.0
2024-05-16,0.10674397,0.1079907,0.10492773,0.10671633,0.0
2024-05-17,0.10671954,0.10980167,0.10608305,0.10879097,0.0
2024-05-18,0.1087911,0.10953964,0.10739863,0.108144,0.0
2024-05-19,0.108144,0.10857462,0.10529106,0.10560734,0.0
2024-05-20,0.10560734,0.11249622,0.10454697,0.11249622,0.0
2024-05-21,0.11249622,0.11410555,0.1114759,0.11226159,0.0
2024-05-22,0.11226159,0.11253536,0.10916546,0.11063268,0.0
2024-05-23,0.11062251,0.11152302,0.1048473,0.10917632,0.0
2024-05-24,0.10917187,0.11057949,0.10725696,0.11013602,0.0
2024-05-25,0.11013589,0.11167321,0.11004694,0.11089084,0.0
2024-05-26,0.11089084,0.11145422,0.1080004,0.10860616,0.0
2024-05-27,0.10860616,0.11153445,0.10804195,0.11043609,0.0
2024-05-28,0.11043609,0.11066655,0.10669551,0.10780761,0.0
2024-05-29,0.10780761,0.10937562,0.1064001,0.10656955,0.0
2024-05-30,0.10656955,0.10770597,0.10456992,0.10664277,0.0
2024-05-31,0.10664277,0.10718198,0.10469562,0.10624812,0.0
2024-06-01,0.10625312,0.10681151,0.10600683,0.10629111,0.0
2024-06-02,0.10629111,0.1066926,0.10441556,0.10509611,0.0
2024-06-03,0.10509371,0.10701331,0.10448,0.10532879,0.0
2024-06-04,0.10532879,0.10681039,0.10401634,0.1063678,0.0
2024-06-05,0.10636785,0.10756068,0.10589953,0.10692994,0.0
2024-06-06,0.10693169,0.10698821,0.10478367,0.10523951,0.0
2024-06-07,0.10523951,0.10679253,0.09232277,0.10014329,0.0
2024-06-08,0.10014416,0.10014416,0.09654984,0.0981975,0.0
2024-06-09,0.09818322,0.09988127,0.09806808,0.09987368,0.0
2024-06-10,0.09987368,0.10126513,0.09915807,0.09999536,0.0
2024-06-11,0.09999536,0.10024141,0.09537649,0.09670439,0.0
2024-06-12,0.09670439,0.1009801,0.09544495,0.10011917,0.0
2024-06-13,0.10010786,0.1002418,0.09718029,0.09746826,0.0
2024-06-14,0.09746826,0.09890896,0.09427645,0.09678237,0.0
2024-06-15,0.09678379,0.09881645,0.09623512,0.0982507,0.0
2024-06-16,0.09824832,0.09922939,0.0976005,0.09904459,0.0
2024-06-17,0.09904459,0.09938888,0.09521374,0.09682136,0.0
2024-06-18,0.09682136,0.09696775,0.08776416,0.09133619,0.0
2024-06-19,0.09134047,0.094171,0.09063776,0.0934044,0.0
2024-06-20,0.0934044,0.09542527,0.092853,0.09393382,0.0
2024-06-21,0.09395009,0.09442553,0.09112198,0.09199837,0.0
2024-06-22,0.09199837,0.09204496,0.09064533,0.09083646,0.0
2024-06-23,0.09083646,0.09195161,0.08905752,0.08951226,0.0
2024-06-24,0.0895106,0.08965793,0.08498678,0.08932472,0.0
2024-06-25,0.0893114,0.09291051,0.0891359,0.09180279,0.0
2024-06-26,0.09180404,0.09252178,0.0896745,0.0901855,0.0
2024-06-27,0.09018439,0.09160514,0.08863746,0.09143678,0.0
2024-06-28,0.09143802,0.09304822,0.09067569,0.09090837,0.0
2024-06-29,0.09091123,0.09183185,0.08984418,0.09005042,0.0
2024-06-30,0.09005133,0.09167646,0.08927205,0.09108239,0.0
2024-07-01,0.09109665,0.09261791,0.09040869,0.09141708,0.0
2024-07-02,0.0914239,0.09419592,0.09142241,0.09356112,0.0
2024-07-03,0.09355562,0.0936269,0.08919729,0.09026592,0.0
2024-07-04,0.09026592,0.0906207,0.08617899,0.08694664,0.0
2024-07-05,0.08694789,0.08699163,0.07694535,0.08539763,0.0
2024-07-06,0.08538643,0.09086205,0.08501416,0.09058069,0.0
2024-07-07,0.09057819,0.09060329,0.08351007,0.08391906,0.0
2024-07-08,0.08391906,0.08728519,0.0806496,0.08548294,0.0
2024-07-09,0.08548294,0.08824013,0.0851373,0.0879978,0.0
2024-07-10,0.0879978,0.0892381,0.08671388,0.08755896,0.0
2024-07-11,0.08757007,0.09039693,0.08689598,0.08874433,0.0
2024-07-12,0.08876861,0.09249907,0.08819102,0.09131505,0.0
2024-07-13,0.09131505,0.10603686,0.09131505,0.10224299,0.0
2024-07-14,0.10226391,0.10685404,0.09961028,0.10454336,0.0
2024-07-15,0.10454336,0.10580271,0.10257777,0.10470749,0.0
2024-07-16,0.10470733,0.10919162,0.10118202,0.1068975,0.0
2024-07-17,0.1068975,0.11244609,0.10611907,0.10988772,0.0
2024-07-18,0.10988897,0.11118009,0.10122607,0.10310216,0.0
2024-07-19,0.10311034,0.10556712,0.10092736,0.10526164,0.0
2024-07-20,0.10526164,0.1069314,0.10404344,0.10527852,0.0
2024-07-21,0.10527852,0.1060593,0.1016239,0.10544926,0.0
2024-07-22,0.10544389,0.10622749,0.10229459,0.10355802,0.0
2024-07-23,0.10355806,0.10482409,0.09950236,0.10102802,0.0
2024-07-24,0.10102802,0.10582662,0.10019157,0.10295867,0.0
2024-07-25,0.10296242,0.10418862,0.09993261,0.10220252,0.0
2024-07-26,0.10219142,0.10445757,0.10141512,0.10309859,0.0
2024-07-27,0.10309815,0.10355856,0.10021932,0.10146045,0.0
2024-07-28,0.10146045,0.10224285,0.09961988,0.10027497,0.0
2024-07-29,0.10027406,0.10198612,0.09884271,0.09910703,0.0
2024-07-30,0.09910925,0.10363271,0.0984977,0.10247711,0.0
2024-07-31,0.10248278,0.10643098,0.10038023,0.10051018,0.0
2024-08-01,0.10051291,0.10105879,0.09545194,0.09925948,0.0
2024-08-02,0.09925948,0.09947557,0.09312732,0.09545424,0.0
2024-08-03,0.09545574,0.09587985,0.09152846,0.09327326,0.0
2024-08-04,0.0932745,0.09337031,0.0864875,0.08814407,0.0
2024-08-05,0.08814644,0.0891222,0.07576819,0.08793321,0.0
2024-08-06,0.08794098,0.09306238,0.08782012,0.09252631,0.0
2024-08-07,0.09252631,0.10434613,0.0918336,0.10148313,0.0
2024-08-08,0.10149718,0.10355853,0.09841347,0.10310064,0.0
2024-08-09,0.10310507,0.10322291,0.09857958,0.09993544,0.0
2024-08-10,0.09993544,0.10203178,0.09959358,0.10125903,0.0
2024-08-11,0.10126966,0.10301801,0.09702689,0.09782589,0.0
2024-08-12,0.09782619,0.10052471,0.09721555,0.09887412,0.0
2024-08-13,0.09887875,0.09974912,0.09762484,0.09930115,0.0
2024-08-14,0.09930071,0.09951128,0.09630744,0.09660427,0.0
2024-08-15,0.09660427,0.09828992,0.09460159,0.09562317,0.0
2024-08-16,0.09562317,0.0960935,0.09314294,0.09483565,0.0
2024-08-17,0.09483465,0.09641714,0.09446711,0.0956391,0.0
2024-08-18,0.09563826,0.09650642,0.09342878,0.09350842,0.0
2024-08-19,0.09350842,0.0963101,0.0930336,0.09630938,0.0
2024-08-20,0.09631033,0.09919808,0.09607933,0.09755226,0.0
2024-08-21,0.09753766,0.09910096,0.09622772,0.09851958,0.0
2024-08-22,0.09851958,0.09971433,0.09724733,0.09892875,0.0
2024-08-23,0.0989323,0.10238949,0.0987157,0.10187292,0.0
2024-08-24,0.10187167,0.10367045,0.10087055,0.10263899,0.0
2024-08-25,0.10263183,0.10286151,0.09970429,0.10091649,0.0
2024-08-26,0.10091649,0.10123834,0.09657848,0.09711222,0.0
2024-08-27,0.09711222,0.09772582,0.09238945,0.09370503,0.0
2024-08-28,0.09370625,0.09481466,0.09063816,0.09276007,0.0
2024-08-29,0.09276007,0.09438884,0.09198129,0.09309954,0.0
2024-08-30,0.09309954,0.09403891,0.09111441,0.09323573,0.0
2024-08-31,0.09322026,0.09368771,0.09186677,0.09256387,0.0
2024-09-01,0.09256054,0.09257263,0.08927284,0.089963,0.0
2024-09-02,0.08996443,0.09257623,0.08994712,0.09238639,0.0
2024-09-03,0.09239639,0.09448301,0.09140502,0.09143226,0.0
2024-09-04,0.09143226,0.09245309,0.08842255,0.09160627,0.0
2024-09-05,0.09160235,0.09199509,0.0896988,0.09025224,0.0
2024-09-06,0.09024824,0.09038449,0.08543524,0.08802262,0.0
2024-09-07,0.08802509,0.08968475,0.08753375,0.08849563,0.0
2024-09-08,0.0885034,0.09014063,0.08841965,0.08996809,0.0
2024-09-09,0.08996809,0.09371825,0.08987145,0.09310716,0.0
2024-09-10,0.09311279,0.09452194,0.09251388,0.09399076,0.0
2024-09-11,0.09399076,0.09404248,0.09141648,0.0926543,0.0
2024-09-12,0.0926543,0.09570041,0.09233446,0.09492235,0.0
2024-09-13,0.09492569,0.09696891,0.09408566,0.09630644,0.0
2024-09-14,0.09630644,0.09735359,0.09577721,0.09716322,0.0
2024-09-15,0.09717264,0.0973827,0.09462795,0.09511983,0.0
2024-09-16,0.09511983,0.09567664,0.09378536,0.09497219,0.0
2024-09-17,0.09497219,0.09639156,0.09400907,0.09453842,0.0
2024-09-18,0.09452362,0.09608193,0.09291355,0.09603371,0.0
2024-09-19,0.09603371,0.09699521,0.09458662,0.0959432,0.0
2024-09-20,0.09595282,0.09712638,0.09521624,0.0961453,0.0
2024-09-21,0.09614287,0.09914773,0.09571689,0.09799159,0.0
2024-09-22,0.09799127,0.09808242,0.09473147,0.09603614,0.0
2024-09-23,0.09605042,0.09678001,0.09497101,0.09635369,0.0
2024-09-24,0.09637979,0.0968852,0.09498,0.09682626,0.0
2024-09-25,0.09682626,0.09718566,0.09565824,0.09591297,0.0
2024-09-26,0.09591297,0.09933729,0.09462025,0.09791787,0.0
2024-09-27,0.09791787,0.09949852,0.09760771,0.0994414,0.0
2024-09-28,0.0994369,0.10191218,0.09837726,0.09940193,0.0
2024-09-29,0.09940943,0.10372336,0.09842066,0.10173497,0.0
2024-09-30,0.10174358,0.10360078,0.09828379,0.09849447,0.0
2024-10-01,0.09849447,0.10074601,0.09209954,0.09380999,0.0
2024-10-02,0.09380999,0.09511752,0.08997856,0.09047857,0.0
2024-10-03,0.09048357,0.09125744,0.08815539,0.09040975,0.0
2024-10-04,0.09040998,0.09202809,0.08967814,0.09179439,0.0
2024-10-05,0.09180106,0.09268651,0.09102302,0.09206258,0.0
2024-10-06,0.09206242,0.09325584,0.09152976,0.09239618,0.0
2024-10-07,0.09239729,0.09325909,0.09069499,0.09106471,0.0
2024-10-08,0.09106471,0.09224673,0.08958001,0.08998339,0.0
2024-10-09,0.08998439,0.09077393,0.0887546,0.08974665,0.0
2024-10-10,0.08975236,0.09022856,0.0881633,0.09010331,0.0
2024-10-11,0.09010751,0.09209612,0.08979217,0.09176822,0.0
2024-10-12,0.09176988,0.09248571,0.09160254,0.09193981,0.0
2024-10-13,0.09193981,0.0919401,0.08958782,0.09038817,0.0
2024-10-14,0.09038817,0.09367615,0.08976935,0.09343044,0.0
2024-10-15,0.09342378,0.09424588,0.09096834,0.09291542,0.0
2024-10-16,0.09291098,0.09614883,0.09227634,0.09550996,0.0
2024-10-17,0.09551138,0.09674314,0.09398762,0.09495267,0.0
2024-10-18,0.09495124,0.09686047,0.09434143,0.09662919,0.0
2024-10-19,0.09662919,0.09752391,0.09584305,0.0969016,0.0
2024-10-20,0.0969016,0.09727193,0.09618462,0.09724016,0.0
2024-10-21,0.09723503,0.09748211,0.09474702,0.0953176,0.0
2024-10-22,0.0953176,0.09708676,0.09472505,0.09518285,0.0
2024-10-23,0.09518317,0.09566422,0.0926512,0.09437547,0.0
2024-10-24,0.09438646,0.09671539,0.09419436,0.09654266,0.0
2024-10-25,0.09654266,0.09722048,0.09127073,0.0933765,0.0
2024-10-26,0.09338483,0.0948065,0.09266326,0.09403273,0.0
2024-10-27,0.09402829,0.09482629,0.09330159,0.09415262,0.0
2024-10-28,0.09415305,0.09463512,0.09267439,0.09420449,0.0
2024-10-29,0.09420307,0.09685978,0.09416428,0.09662516,0.0
2024-10-30,0.09661088,0.09678499,0.09440851,0.09474592,0.0
2024-10-31,0.09474592,0.09493205,0.09185036,0.09235967,0.0
2024-11-01,0.09235967,0.09360233,0.09074487,0.09302343,0.0
2024-11-02,0.09302486,0.09354398,0.09154485,0.09257581,0.0
2024-11-03,0.09257481,0.09266919,0.0892994,0.09062828,0.0
2024-11-04,0.09062828,0.09219748,0.0900244,0.09112881,0.0
2024-11-05,0.09113322,0.09390521,0.09069204,0.0933677,0.0
2024-11-06,0.0933677,0.09763974,0.09336395,0.09709138,0.0
2024-11-07,0.09709138,0.10227019,0.09662839,0.10215165,0.0
2024-11-08,0.10214665,0.10333965,0.09986148,0.10126914,0.0
2024-11-09,0.10126697,0.10244178,0.09954068,0.10228329,0.0
2024-11-10,0.10229444,0.11322944,0.10166881,0.1084288,0.0
2024-11-11,0.10842966,0.1149,0.10748188,0.11473,0.0
2024-11-12,0.11473,0.14151,0.11101,0.13451,0.0
2024-11-13,0.1345,0.13841,0.12081,0.1244,0.0
2024-11-14,0.1244,0.14065,0.12184,0.13132,0.0
2024-11-15,0.13131,0.14786,0.12831,0.14574,0.0
2024-11-16,0.14573,0.24166,0.14075,0.22081,0.0
2024-11-17,0.22081,0.22547,0.18921,0.19643,0.0
2024-11-18,0.19642,0.25555,0.19602,0.23168,0.0
2024-11-19,0.23169,0.2444,0.22252,0.23163,0.0
2024-11-20,0.23162,0.26985,0.2273,0.24773,0.0
2024-11-21,0.24773,0.26487,0.22992,0.26264,0.0
2024-11-22,0.26265,0.35243,0.26264,0.34029,0.0
2024-11-23,0.34029,0.54814,0.33966,0.52234,0.0
2024-11-24,0.52232,0.63679,0.43618,0.53647,0.0
2024-11-25,0.5365,0.55834,0.47396,0.4822,0.0
2024-11-26,0.4822,0.5135,0.41691,0.43886,0.0
2024-11-27,0.43886,0.53087,0.41838,0.48346,0.0
2024-11-28,0.48347,0.50554,0.46419,0.50054,0.0
2024-11-29,0.50054,0.56104,0.48718,0.54789,0.0
2024-11-30,0.54785,0.56213,0.52126,0.52478,0.0
2024-12-01,0.52478,0.57993,0.49333,0.5609,0.0
2024-12-02,0.56088,0.60553,0.49796,0.53935,0.0
2024-12-03,0.53935,0.59995,0.48316,0.50669,0.0
2024-12-04,0.50674,0.52244,0.47678,0.48954,0.0
2024-12-05,0.48956,0.50409,0.45994,0.4715,0.0
2024-12-06,0.4715,0.50013,0.4558,0.49622,0.0
2024-12-07,0.49617,0.51094,0.48052,0.50468,0.0
2024-12-08,0.50468,0.5047,0.47556,0.49353,0.0
2024-12-09,0.49352,0.49352,0.35342,0.41085,0.0
2024-12-10,0.41085,0.43979,0.36272,0.43672,0.0
2024-12-11,0.43671,0.44623,0.40306,0.43539,0.0
2024-12-12,0.43538,0.45093,0.41907,0.42523,0.0
2024-12-13,0.42522,0.45281,0.41199,0.43787,0.0
2024-12-14,0.43788,0.45168,0.41126,0.42435,0.0
2024-12-15,0.42433,0.43539,0.41624,0.43017,0.0
2024-12-16,0.43016,0.44542,0.40702,0.41862,0.0
2024-12-17,0.41863,0.47173,0.4103,0.42908,0.0
2024-12-18,0.42906,0.44711,0.38832,0.39604,0.0
2024-12-19,0.39603,0.41439,0.35352,0.36949,0.0
2024-12-20,0.36949,0.38385,0.31258,0.37484,0.0
2024-12-21,0.37483,0.38973,0.35091,0.35579,0.0
2024-12-22,0.3558,0.37173,0.34285,0.35626,0.0
2024-12-23,0.35626,0.3749,0.34619,0.37069,0.0
2024-12-24,0.3707,0.41344,0.35977,0.402,0.0
2024-12-25,0.40202,0.40345,0.37829,0.38266,0.0
2024-12-26,0.38266,0.38633,0.35041,0.35447,0.0
2024-12-27,0.35445,0.36855,0.34425,0.34942,0.0
2024-12-28,0.34941,0.3593,0.34443,0.35571,0.0
2024-12-29,0.3557,0.35581,0.33481,0.3375,0.0
2024-12-30,0.33752,0.34742,0.32042,0.33127,0.0
2024-12-31,0.33127,0.34575,0.32331,0.3321,0.0
2025-01-01,0.33206,0.4373,0.33159,0.42475,0.0
2025-01-02,0.42475,0.45904,0.41321,0.43125,0.0
2025-01-03,0.43126,0.45997,0.42972,0.44777,0.0
2025-01-04,0.44777,0.48546,0.44432,0.45015,0.0
2025-01-05,0.45016,0.45634,0.43241,0.44064,0.0
2025-01-06,0.44064,0.46304,0.43258,0.44642,0.0
2025-01-07,0.44639,0.46971,0.41477,0.41793,0.0
2025-01-08,0.41792,0.43917,0.38982,0.42537,0.0
2025-01-09,0.42537,0.42981,0.38683,0.39127,0.0
2025-01-10,0.39128,0.4257,0.38756,0.41446,0.0
2025-01-11,0.41448,0.45861,0.40344,0.44575,0.0
2025-01-12,0.44574,0.44654,0.41948,0.42216,0.0
2025-01-13,0.42214,0.43875,0.39232,0.41941,0.0
2025-01-14,0.41941,0.43655,0.41545,0.43015,0.0
2025-01-15,0.43015,0.49526,0.42645,0.48805,0.0
2025-01-16,0.48806,0.51491,0.46393,0.48186,0.0
2025-01-17,0.48185,0.4992,0.47428,0.48761,0.0
2025-01-18,0.48761,0.49263,0.45173,0.49092,0.0
2025-01-19,0.49091,0.49449,0.41858,0.43276,0.0
2025-01-20,0.43276,0.47803,0.42346,0.44653,0.0
2025-01-21,0.44654,0.45412,0.42726,0.44189,0.0
2025-01-22,0.4419,0.44527,0.42603,0.42856,0.0
2025-01-23,0.42853,0.43682,0.41237,0.43073,0.0
2025-01-24,0.43074,0.44829,0.42009,0.43089,0.0
2025-01-25,0.43089,0.43688,0.41312,0.41707,0.0
2025-01-26,0.41707,0.42615,0.40594,0.40624,0.0
2025-01-27,0.40624,0.40977,0.36335,0.40733,0.0
2025-01-28,0.40733,0.42088,0.39014,0.39278,0.0
2025-01-29,0.39278,0.40628,0.38179,0.39261,0.0
2025-01-30,0.3926,0.44372,0.38941,0.42866,0.0
2025-01-31,0.42866,0.42988,0.41729,0.42087,0.0
